use lab2;

insert into Author (authorId, authorName) values ('ym4225', 'Dorette');
insert into Author (authorId, authorName) values ('bm3530', 'Elaina');
insert into Author (authorId, authorName) values ('iz0810', 'Halie');
insert into Author (authorId, authorName) values ('ft9511', 'Janenna');
insert into Author (authorId, authorName) values ('wk3364', 'Julieta');
insert into Author (authorId, authorName) values ('sp9929', 'Britt');
insert into Author (authorId, authorName) values ('ca3117', 'Cosetta');
insert into Author (authorId, authorName) values ('uf5466', 'Sharlene');
insert into Author (authorId, authorName) values ('om2387', 'Bernadene');
insert into Author (authorId, authorName) values ('ft9687', 'Kelcie');
insert into Author (authorId, authorName) values ('ls7891', 'Caril');
insert into Author (authorId, authorName) values ('hf0300', 'Roobbie');
insert into Author (authorId, authorName) values ('nl9675', 'Fayth');
insert into Author (authorId, authorName) values ('bf9315', 'Aridatha');
insert into Author (authorId, authorName) values ('mu7568', 'Marni');
insert into Author (authorId, authorName) values ('va4821', 'Merrile');
insert into Author (authorId, authorName) values ('vd0855', 'Lynett');
insert into Author (authorId, authorName) values ('yd5068', 'Janeta');
insert into Author (authorId, authorName) values ('rv2615', 'Kris');
insert into Author (authorId, authorName) values ('la3599', 'Mellicent');
insert into Author (authorId, authorName) values ('wp1925', 'Binni');
insert into Author (authorId, authorName) values ('dk9326', 'Roseann');
insert into Author (authorId, authorName) values ('mr6154', 'Lise');
insert into Author (authorId, authorName) values ('na0498', 'Adelind');
insert into Author (authorId, authorName) values ('yq6842', 'Stevana');
insert into Author (authorId, authorName) values ('hn6997', 'Pammi');
insert into Author (authorId, authorName) values ('yg8993', 'Malena');
insert into Author (authorId, authorName) values ('zh9504', 'Annalee');
insert into Author (authorId, authorName) values ('ya2707', 'Agace');
insert into Author (authorId, authorName) values ('dd8707', 'Tori');
insert into Author (authorId, authorName) values ('yj7332', 'Moyra');
insert into Author (authorId, authorName) values ('bd7754', 'Mariya');
insert into Author (authorId, authorName) values ('tp9866', 'Clarice');
insert into Author (authorId, authorName) values ('us7527', 'Imogene');
insert into Author (authorId, authorName) values ('qf7920', 'Lila');
insert into Author (authorId, authorName) values ('fw5711', 'Eachelle');
insert into Author (authorId, authorName) values ('bu1780', 'Audie');
insert into Author (authorId, authorName) values ('uf0807', 'Idelle');
insert into Author (authorId, authorName) values ('jd6500', 'Lura');
insert into Author (authorId, authorName) values ('ov5496', 'Dorris');
insert into Author (authorId, authorName) values ('eq6979', 'Melisse');
insert into Author (authorId, authorName) values ('df0153', 'Marillin');
insert into Author (authorId, authorName) values ('rf6414', 'Shandee');
insert into Author (authorId, authorName) values ('hu1572', 'Anna-maria');
insert into Author (authorId, authorName) values ('fb4208', 'Tabbitha');
insert into Author (authorId, authorName) values ('hq1496', 'Allx');
insert into Author (authorId, authorName) values ('ll4826', 'Garland');
insert into Author (authorId, authorName) values ('fk8781', 'Jemie');
insert into Author (authorId, authorName) values ('mk3091', 'Pammy');
insert into Author (authorId, authorName) values ('ah4655', 'Jo');




INSERT INTO AgeRestriction(ageRestrictionName) VALUES ("General Audiences");
INSERT INTO AgeRestriction(ageRestrictionName) VALUES ("Parental Guidance");
INSERT INTO AgeRestriction(ageRestrictionName) VALUES ("Parents Cautioned");
INSERT INTO AgeRestriction(ageRestrictionName) VALUES ("Restricted");
INSERT INTO AgeRestriction(ageRestrictionName) VALUES ("No One 17");


insert into BookLanguage(languageId, languageName) values
("en", "english"),
("mn", "mongolian"),
("jp", "japanese"),
("ru", "russian");


insert into HevlelGazar (hevlelGazarId, hevlelGazarNer, hevlelGazarLocation) values ('im62', 'Einti', '58 Annamark Court');
insert into HevlelGazar (hevlelGazarId, hevlelGazarNer, hevlelGazarLocation) values ('fc33', 'Livepath', '346 Hoard Court');
insert into HevlelGazar (hevlelGazarId, hevlelGazarNer, hevlelGazarLocation) values ('fc29', 'Skippad', '06840 Park Meadow Circle');
insert into HevlelGazar (hevlelGazarId, hevlelGazarNer, hevlelGazarLocation) values ('cn52', 'Bluezoom', '79 Morningstar Street');
insert into HevlelGazar (hevlelGazarId, hevlelGazarNer, hevlelGazarLocation) values ('um33', 'Avamba', '86299 Debra Park');
insert into HevlelGazar (hevlelGazarId, hevlelGazarNer, hevlelGazarLocation) values ('ve61', 'Livetube', '435 Rockefeller Terrace');
insert into HevlelGazar (hevlelGazarId, hevlelGazarNer, hevlelGazarLocation) values ('wz57', 'Katz', '18782 Mccormick Pass');
insert into HevlelGazar (hevlelGazarId, hevlelGazarNer, hevlelGazarLocation) values ('ik10', 'Pixope', '55 Declaration Trail');
insert into HevlelGazar (hevlelGazarId, hevlelGazarNer, hevlelGazarLocation) values ('tj44', 'Thoughtbeat', '314 Roth Center');
insert into HevlelGazar (hevlelGazarId, hevlelGazarNer, hevlelGazarLocation) values ('xd86', 'Dazzlesphere', '081 Stone Corner Pass');
insert into HevlelGazar (hevlelGazarId, hevlelGazarNer, hevlelGazarLocation) values ('ym34', 'DabZ', '5 Utah Crossing');
insert into HevlelGazar (hevlelGazarId, hevlelGazarNer, hevlelGazarLocation) values ('xe42', 'Devify', '07 Trailsway Circle');
insert into HevlelGazar (hevlelGazarId, hevlelGazarNer, hevlelGazarLocation) values ('aj71', 'Voomm', '0570 Everett Road');
insert into HevlelGazar (hevlelGazarId, hevlelGazarNer, hevlelGazarLocation) values ('hk32', 'Topicstorm', '7 Ilene Hill');
insert into HevlelGazar (hevlelGazarId, hevlelGazarNer, hevlelGazarLocation) values ('pa72', 'Jetwire', '25 Sheridan Plaza');
insert into HevlelGazar (hevlelGazarId, hevlelGazarNer, hevlelGazarLocation) values ('pq00', 'Eayo', '653 Eggendart Alley');
insert into HevlelGazar (hevlelGazarId, hevlelGazarNer, hevlelGazarLocation) values ('pb19', 'Livetube', '2 Little Fleur Park');
insert into HevlelGazar (hevlelGazarId, hevlelGazarNer, hevlelGazarLocation) values ('mr45', 'Teklist', '49507 Ronald Regan Center');
insert into HevlelGazar (hevlelGazarId, hevlelGazarNer, hevlelGazarLocation) values ('ky33', 'Twitterbeat', '66026 Fairfield Alley');
insert into HevlelGazar (hevlelGazarId, hevlelGazarNer, hevlelGazarLocation) values ('pk27', 'Gigashots', '4 Ronald Regan Crossing');
insert into HevlelGazar (hevlelGazarId, hevlelGazarNer, hevlelGazarLocation) values ('tx19', 'Layo', '0040 Caliangt Road');
insert into HevlelGazar (hevlelGazarId, hevlelGazarNer, hevlelGazarLocation) values ('nr29', 'Devcast', '2 Carey Junction');
insert into HevlelGazar (hevlelGazarId, hevlelGazarNer, hevlelGazarLocation) values ('ke05', 'Tagchat', '36242 Ronald Regan Road');
insert into HevlelGazar (hevlelGazarId, hevlelGazarNer, hevlelGazarLocation) values ('wu88', 'Ozu', '0384 Upham Hill');
insert into HevlelGazar (hevlelGazarId, hevlelGazarNer, hevlelGazarLocation) values ('dz27', 'Riffpath', '19 Harper Terrace');
insert into HevlelGazar (hevlelGazarId, hevlelGazarNer, hevlelGazarLocation) values ('ox32', 'Trunyx', '003 Susan Terrace');
insert into HevlelGazar (hevlelGazarId, hevlelGazarNer, hevlelGazarLocation) values ('nf68', 'Gigashots', '9798 Main Avenue');
insert into HevlelGazar (hevlelGazarId, hevlelGazarNer, hevlelGazarLocation) values ('pe47', 'Skinte', '96 Maywood Terrace');
insert into HevlelGazar (hevlelGazarId, hevlelGazarNer, hevlelGazarLocation) values ('ev51', 'Gigaclub', '3651 David Point');
insert into HevlelGazar (hevlelGazarId, hevlelGazarNer, hevlelGazarLocation) values ('qf45', 'Livetube', '977 Hoffman Park');
insert into HevlelGazar (hevlelGazarId, hevlelGazarNer, hevlelGazarLocation) values ('nr21', 'Vinder', '4 Corscot Trail');
insert into HevlelGazar (hevlelGazarId, hevlelGazarNer, hevlelGazarLocation) values ('iq05', 'Jayo', '0 Mayer Point');
insert into HevlelGazar (hevlelGazarId, hevlelGazarNer, hevlelGazarLocation) values ('ym71', 'Eazzy', '04449 Main Court');
insert into HevlelGazar (hevlelGazarId, hevlelGazarNer, hevlelGazarLocation) values ('dj63', 'Shufflester', '0 Orin Center');
insert into HevlelGazar (hevlelGazarId, hevlelGazarNer, hevlelGazarLocation) values ('pk55', 'Dynava', '6 Stang Road');
insert into HevlelGazar (hevlelGazarId, hevlelGazarNer, hevlelGazarLocation) values ('gy91', 'Voonyx', '77 Hanson Court');
insert into HevlelGazar (hevlelGazarId, hevlelGazarNer, hevlelGazarLocation) values ('ts23', 'Cogibox', '3018 Anderson Drive');
insert into HevlelGazar (hevlelGazarId, hevlelGazarNer, hevlelGazarLocation) values ('mh40', 'Skidoo', '43 Charing Cross Crossing');
insert into HevlelGazar (hevlelGazarId, hevlelGazarNer, hevlelGazarLocation) values ('xk67', 'Topicshots', '2577 Porter Drive');
insert into HevlelGazar (hevlelGazarId, hevlelGazarNer, hevlelGazarLocation) values ('nm79', 'Roombo', '91271 Chive Junction');
insert into HevlelGazar (hevlelGazarId, hevlelGazarNer, hevlelGazarLocation) values ('ot26', 'Eire', '71 Delaware Place');
insert into HevlelGazar (hevlelGazarId, hevlelGazarNer, hevlelGazarLocation) values ('um42', 'Devpoint', '02891 Muir Parkway');
insert into HevlelGazar (hevlelGazarId, hevlelGazarNer, hevlelGazarLocation) values ('wy41', 'BlogXS', '98 Manitowish Road');
insert into HevlelGazar (hevlelGazarId, hevlelGazarNer, hevlelGazarLocation) values ('yg01', 'Dabjam', '59731 Sunbrook Trail');
insert into HevlelGazar (hevlelGazarId, hevlelGazarNer, hevlelGazarLocation) values ('vb09', 'Mymm', '9 Manitowish Parkway');
insert into HevlelGazar (hevlelGazarId, hevlelGazarNer, hevlelGazarLocation) values ('ew89', 'Ntags', '70850 Scofield Pass');
insert into HevlelGazar (hevlelGazarId, hevlelGazarNer, hevlelGazarLocation) values ('yf86', 'Buzzdog', '1914 Memorial Crossing');
insert into HevlelGazar (hevlelGazarId, hevlelGazarNer, hevlelGazarLocation) values ('as29', 'Livetube', '5173 Grim Court');
insert into HevlelGazar (hevlelGazarId, hevlelGazarNer, hevlelGazarLocation) values ('qg37', 'Zava', '32830 Bunting Park');
insert into HevlelGazar (hevlelGazarId, hevlelGazarNer, hevlelGazarLocation) values ('xs86', 'Janyx', '9268 Roxbury Pass');




insert into HavtasHelber(havtasHelberId, havtasHelberName) values
("a", "softCover"),
("b", "hardCover iw"),
("c", "hardCover j");


INSERT INTO AlbanTushaal(albanTushaalCode, albanTushaalName) VALUES
("en", "engineer"),
("ce", "ceo"),
("ma", "manager"),
("em", "employee"),
("ex", "executive"),
("co", "coo"),
("ac", "accountant");




INSERT INTO EmployeeAngilal(angilalName) VALUES
("admin"),
("operator"),
("moderator");





insert into Employee (employeeId, employeeName, employeeGender, employeePhone, employeeAddress, employeeRegId, employeeUsername, employeePassword, albanTushaalCode, angilalCode) values ('kjea', 'Natala', 2, '966-101-2034', '923 International Parkway', 'ua00935927', 'nhagwood0', 'jgn48z', 'en', 3);
insert into Employee (employeeId, employeeName, employeeGender, employeePhone, employeeAddress, employeeRegId, employeeUsername, employeePassword, albanTushaalCode, angilalCode) values ('ipnf', 'Loralee', 1, '230-867-0943', '3 Bartelt Crossing', 'gy64469586', 'lprott1', 'UYDHfWUhGx', 'en', 2);
insert into Employee (employeeId, employeeName, employeeGender, employeePhone, employeeAddress, employeeRegId, employeeUsername, employeePassword, albanTushaalCode, angilalCode) values ('hgsb', 'Davita', 1, '626-721-4959', '9420 Little Fleur Center', 'vz17194909', 'dmolan2', 'e6wbn74', 'en', 2);
insert into Employee (employeeId, employeeName, employeeGender, employeePhone, employeeAddress, employeeRegId, employeeUsername, employeePassword, albanTushaalCode, angilalCode) values ('woas', 'Marcy', 1, '532-155-7530', '4 Nevada Parkway', 'nd14139733', 'mgatecliff3', '6Damju4du', 'en', 1);
insert into Employee (employeeId, employeeName, employeeGender, employeePhone, employeeAddress, employeeRegId, employeeUsername, employeePassword, albanTushaalCode, angilalCode) values ('dbmc', 'Freddy', 2, '717-302-6316', '317 Old Gate Parkway', 'io20484646', 'fzambonini4', 'UtvfNU', 'en', 2);
insert into Employee (employeeId, employeeName, employeeGender, employeePhone, employeeAddress, employeeRegId, employeeUsername, employeePassword, albanTushaalCode, angilalCode) values ('inuf', 'Georgette', 1, '205-902-7269', '078 Spaight Circle', 'ia75185086', 'grisby5', 'BSspKaQ1QBm', 'en', 1);
insert into Employee (employeeId, employeeName, employeeGender, employeePhone, employeeAddress, employeeRegId, employeeUsername, employeePassword, albanTushaalCode, angilalCode) values ('glkv', 'Gennie', 2, '847-185-5054', '6 Loomis Crossing', 'cd27955265', 'gpassy6', 'VEx5FD', 'en', 1);
insert into Employee (employeeId, employeeName, employeeGender, employeePhone, employeeAddress, employeeRegId, employeeUsername, employeePassword, albanTushaalCode, angilalCode) values ('yklw', 'Adey', 2, '624-999-2923', '72 Roth Street', 'tq21537187', 'ajoseph7', 'YFQcxZMd', 'en', 3);
insert into Employee (employeeId, employeeName, employeeGender, employeePhone, employeeAddress, employeeRegId, employeeUsername, employeePassword, albanTushaalCode, angilalCode) values ('nzrg', 'Valaria', 1, '709-613-6050', '919 Novick Point', 'fj68903881', 'vkenen8', 'kN92d01', 'en', 3);
insert into Employee (employeeId, employeeName, employeeGender, employeePhone, employeeAddress, employeeRegId, employeeUsername, employeePassword, albanTushaalCode, angilalCode) values ('lhem', 'Pansy', 2, '577-288-5849', '2 Roth Parkway', 'vu70729312', 'pcrystal9', 'csd69ISVh3f3', 'en', 2);
insert into Employee (employeeId, employeeName, employeeGender, employeePhone, employeeAddress, employeeRegId, employeeUsername, employeePassword, albanTushaalCode, angilalCode) values ('xhxf', 'Alissa', 1, '145-798-8738', '9 Maple Wood Point', 'tb58313593', 'ashortena', '2URxZCctvM20', 'en', 1);
insert into Employee (employeeId, employeeName, employeeGender, employeePhone, employeeAddress, employeeRegId, employeeUsername, employeePassword, albanTushaalCode, angilalCode) values ('dlmw', 'Deeyn', 2, '265-512-2451', '1 Maple Trail', 'nx27765926', 'dchattoeb', 'I1ncU7mLR0', 'en', 1);
insert into Employee (employeeId, employeeName, employeeGender, employeePhone, employeeAddress, employeeRegId, employeeUsername, employeePassword, albanTushaalCode, angilalCode) values ('bkzv', 'Isabeau', 1, '715-532-3503', '30 Stoughton Avenue', 'jb10309997', 'ifetterc', 'tPYpfb', 'en', 1);
insert into Employee (employeeId, employeeName, employeeGender, employeePhone, employeeAddress, employeeRegId, employeeUsername, employeePassword, albanTushaalCode, angilalCode) values ('wqvz', 'Melly', 2, '203-427-7554', '9860 Shopko Way', 'ae92639881', 'mpalled', 'SPEq8astl', 'en', 3);
insert into Employee (employeeId, employeeName, employeeGender, employeePhone, employeeAddress, employeeRegId, employeeUsername, employeePassword, albanTushaalCode, angilalCode) values ('lxyp', 'Willetta', 2, '942-127-3228', '055 Pepper Wood Way', 'bw53899649', 'wphillippoe', 'pZq30J', 'en', 1);
insert into Employee (employeeId, employeeName, employeeGender, employeePhone, employeeAddress, employeeRegId, employeeUsername, employeePassword, albanTushaalCode, angilalCode) values ('oahq', 'Angelia', 2, '334-894-2030', '812 Jenna Center', 'ow77871352', 'amoresbyf', 'HMA2CA', 'en', 3);
insert into Employee (employeeId, employeeName, employeeGender, employeePhone, employeeAddress, employeeRegId, employeeUsername, employeePassword, albanTushaalCode, angilalCode) values ('pawq', 'Damara', 1, '494-805-3251', '44760 Meadow Vale Point', 'tm13955824', 'dkitchinghamg', 'ytxhqClM1', 'en', 1);
insert into Employee (employeeId, employeeName, employeeGender, employeePhone, employeeAddress, employeeRegId, employeeUsername, employeePassword, albanTushaalCode, angilalCode) values ('mtvm', 'Christan', 2, '120-481-9352', '3003 Tony Park', 'sa35327543', 'ckermathh', 'B1RJd9dt', 'en', 3);
insert into Employee (employeeId, employeeName, employeeGender, employeePhone, employeeAddress, employeeRegId, employeeUsername, employeePassword, albanTushaalCode, angilalCode) values ('ylpv', 'Dedie', 2, '414-118-5003', '02 Cambridge Parkway', 'ft05322448', 'dcaldecoti', 'Gy5rRK', 'en', 2);
insert into Employee (employeeId, employeeName, employeeGender, employeePhone, employeeAddress, employeeRegId, employeeUsername, employeePassword, albanTushaalCode, angilalCode) values ('lhrf', 'Hayley', 1, '420-695-9553', '94578 Lyons Crossing', 'ur14101231', 'hhilldrupj', 'ndt4P2mJ', 'en', 1);
insert into Employee (employeeId, employeeName, employeeGender, employeePhone, employeeAddress, employeeRegId, employeeUsername, employeePassword, albanTushaalCode, angilalCode) values ('qqsz', 'Pammy', 2, '598-446-7860', '82257 Village Green Road', 'oa40178307', 'pdanettk', 'WTNXu0wH0Y', 'en', 2);
insert into Employee (employeeId, employeeName, employeeGender, employeePhone, employeeAddress, employeeRegId, employeeUsername, employeePassword, albanTushaalCode, angilalCode) values ('qjbn', 'Ardeen', 2, '288-841-4245', '7941 Hintze Plaza', 'qf52918134', 'afancyl', 'zVvAPpAGuj', 'en', 3);
insert into Employee (employeeId, employeeName, employeeGender, employeePhone, employeeAddress, employeeRegId, employeeUsername, employeePassword, albanTushaalCode, angilalCode) values ('kvat', 'Evaleen', 1, '742-129-8165', '7314 Oneill Alley', 'ru35815090', 'epfliegerm', '3laYai', 'en', 3);
insert into Employee (employeeId, employeeName, employeeGender, employeePhone, employeeAddress, employeeRegId, employeeUsername, employeePassword, albanTushaalCode, angilalCode) values ('stdr', 'Jacklin', 2, '759-495-8721', '74 Nobel Parkway', 'im54440614', 'jcattinin', 'zBoji9GE', 'en', 3);
insert into Employee (employeeId, employeeName, employeeGender, employeePhone, employeeAddress, employeeRegId, employeeUsername, employeePassword, albanTushaalCode, angilalCode) values ('jdhu', 'Janice', 2, '220-834-6624', '224 Corry Drive', 'an81068296', 'jdealeyo', 'zRSZBNS0', 'en', 2);
insert into Employee (employeeId, employeeName, employeeGender, employeePhone, employeeAddress, employeeRegId, employeeUsername, employeePassword, albanTushaalCode, angilalCode) values ('kclc', 'Esma', 2, '580-215-1493', '47526 Gerald Court', 'pj92594498', 'easelp', 'lCJvzZ1Qo', 'en', 1);
insert into Employee (employeeId, employeeName, employeeGender, employeePhone, employeeAddress, employeeRegId, employeeUsername, employeePassword, albanTushaalCode, angilalCode) values ('fzbf', 'Zorana', 2, '935-336-3758', '70484 Independence Park', 'fz67739440', 'zcatoq', 'wIyIpkE5', 'en', 1);
insert into Employee (employeeId, employeeName, employeeGender, employeePhone, employeeAddress, employeeRegId, employeeUsername, employeePassword, albanTushaalCode, angilalCode) values ('rqbj', 'Kiele', 2, '137-464-3124', '94 Lien Plaza', 'eb22518570', 'kmcgeacheyr', 'KRtkHCxFl', 'en', 3);
insert into Employee (employeeId, employeeName, employeeGender, employeePhone, employeeAddress, employeeRegId, employeeUsername, employeePassword, albanTushaalCode, angilalCode) values ('pmwn', 'Dorena', 2, '734-908-5928', '765 Brown Plaza', 'zp43875021', 'dmartinovics', 'IEioUZSJk', 'en', 2);
insert into Employee (employeeId, employeeName, employeeGender, employeePhone, employeeAddress, employeeRegId, employeeUsername, employeePassword, albanTushaalCode, angilalCode) values ('hwdz', 'Kiri', 2, '485-600-3315', '72 Thompson Place', 'be22129722', 'krealpht', 'ZMtdLiD', 'en', 2);
insert into Employee (employeeId, employeeName, employeeGender, employeePhone, employeeAddress, employeeRegId, employeeUsername, employeePassword, albanTushaalCode, angilalCode) values ('ohdz', 'Dayle', 2, '917-774-4571', '13469 Susan Road', 'cj65465803', 'dmckyrrellyu', 'wFUfJe', 'en', 3);
insert into Employee (employeeId, employeeName, employeeGender, employeePhone, employeeAddress, employeeRegId, employeeUsername, employeePassword, albanTushaalCode, angilalCode) values ('qefg', 'Regan', 2, '887-306-6914', '0 Transport Trail', 'et47134110', 'rlevesquev', 'KYhvdmT2x', 'en', 3);
insert into Employee (employeeId, employeeName, employeeGender, employeePhone, employeeAddress, employeeRegId, employeeUsername, employeePassword, albanTushaalCode, angilalCode) values ('iqqo', 'Joan', 1, '501-858-4765', '11664 Huxley Alley', 'ln57043475', 'jvellaw', '8PSnOQrX', 'en', 3);
insert into Employee (employeeId, employeeName, employeeGender, employeePhone, employeeAddress, employeeRegId, employeeUsername, employeePassword, albanTushaalCode, angilalCode) values ('iahk', 'Cristy', 2, '982-534-9988', '3140 Corry Avenue', 'py03545593', 'cdanilenkox', 'g1ofuRlb', 'en', 2);
insert into Employee (employeeId, employeeName, employeeGender, employeePhone, employeeAddress, employeeRegId, employeeUsername, employeePassword, albanTushaalCode, angilalCode) values ('owdr', 'Giana', 2, '593-659-2283', '58 Lakewood Gardens Road', 'gi00401013', 'gmcphelimy', 'bbHxyWZ', 'en', 1);
insert into Employee (employeeId, employeeName, employeeGender, employeePhone, employeeAddress, employeeRegId, employeeUsername, employeePassword, albanTushaalCode, angilalCode) values ('iwlt', 'Jade', 2, '495-506-1663', '3175 Saint Paul Point', 'sv60218660', 'jtabbernorz', 'xpulFb0wWfr', 'en', 1);
insert into Employee (employeeId, employeeName, employeeGender, employeePhone, employeeAddress, employeeRegId, employeeUsername, employeePassword, albanTushaalCode, angilalCode) values ('hknw', 'Nicolle', 2, '719-728-8784', '5019 Schmedeman Parkway', 'ig29595309', 'ngreenstock10', '9sMF6YeCn8gI', 'en', 2);
insert into Employee (employeeId, employeeName, employeeGender, employeePhone, employeeAddress, employeeRegId, employeeUsername, employeePassword, albanTushaalCode, angilalCode) values ('apef', 'Corrinne', 1, '879-570-5592', '8 Vera Hill', 'vr69420145', 'cbonas11', '0tpGdo', 'en', 1);
insert into Employee (employeeId, employeeName, employeeGender, employeePhone, employeeAddress, employeeRegId, employeeUsername, employeePassword, albanTushaalCode, angilalCode) values ('pzdh', 'Micheline', 1, '293-849-9898', '7 Nevada Court', 'vp75654376', 'mlicquorish12', 'ifQYqShPp0y', 'en', 1);
insert into Employee (employeeId, employeeName, employeeGender, employeePhone, employeeAddress, employeeRegId, employeeUsername, employeePassword, albanTushaalCode, angilalCode) values ('hqbe', 'Valentine', 1, '630-486-3283', '6824 Magdeline Parkway', 'od84633576', 'vroderham13', 'oBgZDhdJe', 'en', 1);
insert into Employee (employeeId, employeeName, employeeGender, employeePhone, employeeAddress, employeeRegId, employeeUsername, employeePassword, albanTushaalCode, angilalCode) values ('rbsp', 'Candis', 1, '497-503-4804', '5549 Pond Park', 'vj49663646', 'cbottinelli14', 'lIRMMpQF90', 'en', 3);
insert into Employee (employeeId, employeeName, employeeGender, employeePhone, employeeAddress, employeeRegId, employeeUsername, employeePassword, albanTushaalCode, angilalCode) values ('fvhl', 'Janaye', 1, '436-586-3660', '4 Saint Paul Parkway', 'ik14908339', 'jlabrone15', '85UNGBNuY', 'en', 3);
insert into Employee (employeeId, employeeName, employeeGender, employeePhone, employeeAddress, employeeRegId, employeeUsername, employeePassword, albanTushaalCode, angilalCode) values ('diqh', 'Amalia', 1, '501-509-1687', '2 Dixon Parkway', 'rc84100058', 'afockes16', 'oqFyVkVm', 'en', 1);
insert into Employee (employeeId, employeeName, employeeGender, employeePhone, employeeAddress, employeeRegId, employeeUsername, employeePassword, albanTushaalCode, angilalCode) values ('dcok', 'Theodosia', 1, '146-978-9928', '31389 Claremont Avenue', 'fy51135577', 'tcocks17', 'MeUWZBCL', 'en', 2);
insert into Employee (employeeId, employeeName, employeeGender, employeePhone, employeeAddress, employeeRegId, employeeUsername, employeePassword, albanTushaalCode, angilalCode) values ('rege', 'Arlene', 2, '103-444-0232', '719 Stang Center', 'cl10629079', 'ahaughton18', 'c3aiDyE1', 'en', 2);
insert into Employee (employeeId, employeeName, employeeGender, employeePhone, employeeAddress, employeeRegId, employeeUsername, employeePassword, albanTushaalCode, angilalCode) values ('titk', 'Ursala', 1, '229-947-2191', '485 Sullivan Way', 'ga08306010', 'ulalley19', 'SF6nUIuCvW4q', 'en', 2);
insert into Employee (employeeId, employeeName, employeeGender, employeePhone, employeeAddress, employeeRegId, employeeUsername, employeePassword, albanTushaalCode, angilalCode) values ('quph', 'Cammi', 1, '661-324-6511', '3 Gale Pass', 'mr23016139', 'clidden1a', '0WOYvfOWoon', 'en', 3);
insert into Employee (employeeId, employeeName, employeeGender, employeePhone, employeeAddress, employeeRegId, employeeUsername, employeePassword, albanTushaalCode, angilalCode) values ('ybch', 'Selma', 2, '646-539-6481', '61 Stuart Alley', 'kv97306316', 'smcinulty1b', 'Zassdv', 'en', 1);
insert into Employee (employeeId, employeeName, employeeGender, employeePhone, employeeAddress, employeeRegId, employeeUsername, employeePassword, albanTushaalCode, angilalCode) values ('egii', 'Linn', 2, '607-622-1139', '9216 Trailsway Pass', 'um25275179', 'lwashtell1c', 'q3Sfzg', 'en', 1);
insert into Employee (employeeId, employeeName, employeeGender, employeePhone, employeeAddress, employeeRegId, employeeUsername, employeePassword, albanTushaalCode, angilalCode) values ('jwaq', 'Nadine', 2, '973-144-4199', '72 Clarendon Parkway', 'yh12455735', 'nwollen1d', 'ZHvkS49', 'en', 3);






INSERT INTO HotAimag(hotAimagCode, hotAimagName)
VALUES
    ("АХ", "Архангай"),
    ("БХ", "Баянхонгор"),
    ("БӨ", "Баян-Өлгий"),
    ("БУ", "Булган"),
    ("ДУ", "Дархан-Уул"),
    ("ДО", "Дорнод"),
    ("ДГ", "Дорноговь"),
    ("ДД", "Дундговь"),
    ("ГА", "Говь-Алтай"),
    ("ГС", "Говь-Сүмбэр"),
    ("ХЭ", "Хэнтий"),
    ("ХО", "Ховд"),
    ("ХӨ", "Хөвсгөл"),
    ("ОР", "Орхон"),
    ("ӨГ", "Өмнөговь"),
    ("ӨХ", "Өвөрхангай"),
    ("СЭ", "Сэлэнгэ"),
    ("СБ", "Сүхбаатар"),
    ("ТӨ", "Төв"),
    ("УВ", "Увс"),
    ("ЗА", "Завхан"),
    ("УБ", "Улаанбаатар");




insert into  DuuregSum(duuregSumCode, duuregSumName, hotAimagCode) values
("aaa", "Алтанбулаг", "ТӨ"),
("bbb", "Аргалант", "ТӨ"),
("ccc", "Архуст", "ТӨ"),
("ddd", "Батсүмбэр", "ТӨ"),
("eee", "Баян", "ТӨ"),
("fff", "Баян-Өнжүүл", "ТӨ"),
("ggg", "Баянчандмань", "ТӨ"),
("hhh", "Баяндэлгэр", "ТӨ"),
("iii", "Баянжаргалан", "ТӨ"),
("jjj", "Баянхангай", "ТӨ"),
("kkk", "Баянцагаан", "ТӨ"),
("lll", "Баянцогт", "ТӨ"),
("mmm", "Борнуур", "ТӨ"),
("nnn", "Бүрэн", "ТӨ"),
("ooo", "Дэлгэрхаан", "ТӨ");



insert into Horoo(horooNer, duuregSumCode) VALUES
("1", "aaa"),
("2", "aaa"),
("3", "aaa"),
("4", "aaa"),
("5", "aaa"),
("1", "bbb"),
("2", "bbb"),
("1", "ccc"),
("2", "ccc"),
("3", "ccc");



insert into Zahialagch (zahialagchNer, zahialagchHuis, zahialagchRegister, zahialagchUtas, zahialagchBairGudamjToot, ZahialagchNemeltMedeelel, horooCode) values ('Kristy', 2, 'zj71075229', '862-146-2528', '02 Garrison Junction', 'In hac habitasse platea dictumst. Morbi vestibulum, velit id pretium iaculis, diam erat fermentum justo, nec condimentum neque sapien placerat ante.', 2);
insert into Zahialagch (zahialagchNer, zahialagchHuis, zahialagchRegister, zahialagchUtas, zahialagchBairGudamjToot, ZahialagchNemeltMedeelel, horooCode) values ('Corrine', 1, 'st36236798', '430-184-7607', '52140 Elmside Drive', 'Sed vel enim sit amet nunc viverra dapibus.', 1);
insert into Zahialagch (zahialagchNer, zahialagchHuis, zahialagchRegister, zahialagchUtas, zahialagchBairGudamjToot, ZahialagchNemeltMedeelel, horooCode) values ('Bernette', 1, 'tb76094996', '535-585-2953', '88151 Sheridan Circle', 'Vivamus tortor. Duis mattis egestas metus. Aenean fermentum.', 1);
insert into Zahialagch (zahialagchNer, zahialagchHuis, zahialagchRegister, zahialagchUtas, zahialagchBairGudamjToot, ZahialagchNemeltMedeelel, horooCode) values ('Bernita', 1, 'yz34164386', '201-651-4712', '82525 Knutson Circle', 'Maecenas leo odio, condimentum id, luctus nec, molestie sed, justo. Pellentesque viverra pede ac diam.', 2);
insert into Zahialagch (zahialagchNer, zahialagchHuis, zahialagchRegister, zahialagchUtas, zahialagchBairGudamjToot, ZahialagchNemeltMedeelel, horooCode) values ('Mae', 1, 'dm42442267', '895-794-0766', '81860 Sachs Road', 'Aliquam sit amet diam in magna bibendum imperdiet.', 5);
insert into Zahialagch (zahialagchNer, zahialagchHuis, zahialagchRegister, zahialagchUtas, zahialagchBairGudamjToot, ZahialagchNemeltMedeelel, horooCode) values ('Bobinette', 2, 'ao18418121', '195-460-0695', '318 Summer Ridge Hill', 'Maecenas leo odio, condimentum id, luctus nec, molestie sed, justo. Pellentesque viverra pede ac diam. Cras pellentesque volutpat dui.', 4);
insert into Zahialagch (zahialagchNer, zahialagchHuis, zahialagchRegister, zahialagchUtas, zahialagchBairGudamjToot, ZahialagchNemeltMedeelel, horooCode) values ('Catha', 2, 'dq64726139', '334-521-9187', '3 Rusk Drive', 'Lorem ipsum dolor sit amet, consectetuer adipiscing elit. Proin risus. Praesent lectus.', 1);
insert into Zahialagch (zahialagchNer, zahialagchHuis, zahialagchRegister, zahialagchUtas, zahialagchBairGudamjToot, ZahialagchNemeltMedeelel, horooCode) values ('Monique', 2, 'ny80996329', '956-354-8887', '770 Kingsford Way', 'Nam nulla. Integer pede justo, lacinia eget, tincidunt eget, tempus vel, pede.', 5);
insert into Zahialagch (zahialagchNer, zahialagchHuis, zahialagchRegister, zahialagchUtas, zahialagchBairGudamjToot, ZahialagchNemeltMedeelel, horooCode) values ('Katharine', 1, 'nf87567053', '264-104-6834', '2 Nobel Center', 'Donec ut dolor. Morbi vel lectus in quam fringilla rhoncus. Mauris enim leo, rhoncus sed, vestibulum sit amet, cursus id, turpis.', 4);
insert into Zahialagch (zahialagchNer, zahialagchHuis, zahialagchRegister, zahialagchUtas, zahialagchBairGudamjToot, ZahialagchNemeltMedeelel, horooCode) values ('Conchita', 2, 'jq56269778', '608-352-9363', '39040 6th Avenue', 'Morbi porttitor lorem id ligula. Suspendisse ornare consequat lectus. In est risus, auctor sed, tristique in, tempus sit amet, sem.', 2);
insert into Zahialagch (zahialagchNer, zahialagchHuis, zahialagchRegister, zahialagchUtas, zahialagchBairGudamjToot, ZahialagchNemeltMedeelel, horooCode) values ('Celisse', 2, 'nl10547538', '972-353-7529', '178 Monica Road', 'In est risus, auctor sed, tristique in, tempus sit amet, sem. Fusce consequat. Nulla nisl.', 4);
insert into Zahialagch (zahialagchNer, zahialagchHuis, zahialagchRegister, zahialagchUtas, zahialagchBairGudamjToot, ZahialagchNemeltMedeelel, horooCode) values ('Nonna', 2, 'gx18670665', '376-436-1106', '2281 Northridge Road', 'Curabitur convallis. Duis consequat dui nec nisi volutpat eleifend. Donec ut dolor.', 5);
insert into Zahialagch (zahialagchNer, zahialagchHuis, zahialagchRegister, zahialagchUtas, zahialagchBairGudamjToot, ZahialagchNemeltMedeelel, horooCode) values ('Odette', 2, 'zw31870449', '416-853-2607', '68274 Doe Crossing Park', 'Vestibulum ante ipsum primis in faucibus orci luctus et ultrices posuere cubilia Curae; Nulla dapibus dolor vel est. Donec odio justo, sollicitudin ut, suscipit a, feugiat et, eros. Vestibulum ac est lacinia nisi venenatis tristique.', 3);
insert into Zahialagch (zahialagchNer, zahialagchHuis, zahialagchRegister, zahialagchUtas, zahialagchBairGudamjToot, ZahialagchNemeltMedeelel, horooCode) values ('Marybelle', 2, 'lv04290995', '761-140-0057', '64610 Brown Trail', 'Fusce lacus purus, aliquet at, feugiat non, pretium quis, lectus. Suspendisse potenti.', 1);
insert into Zahialagch (zahialagchNer, zahialagchHuis, zahialagchRegister, zahialagchUtas, zahialagchBairGudamjToot, ZahialagchNemeltMedeelel, horooCode) values ('Cynthea', 1, 'hv11240248', '366-792-8548', '85428 Lillian Avenue', 'Cras pellentesque volutpat dui. Maecenas tristique, est et tempus semper, est quam pharetra magna, ac consequat metus sapien ut nunc.', 4);
insert into Zahialagch (zahialagchNer, zahialagchHuis, zahialagchRegister, zahialagchUtas, zahialagchBairGudamjToot, ZahialagchNemeltMedeelel, horooCode) values ('Sherry', 2, 'sc34904288', '116-876-6540', '9453 Westend Point', 'Fusce congue, diam id ornare imperdiet, sapien urna pretium nisl, ut volutpat sapien arcu sed augue. Aliquam erat volutpat.', 4);
insert into Zahialagch (zahialagchNer, zahialagchHuis, zahialagchRegister, zahialagchUtas, zahialagchBairGudamjToot, ZahialagchNemeltMedeelel, horooCode) values ('Suzy', 2, 'bx11277848', '464-136-4599', '8 Debra Parkway', 'Vivamus vestibulum sagittis sapien.', 2);
insert into Zahialagch (zahialagchNer, zahialagchHuis, zahialagchRegister, zahialagchUtas, zahialagchBairGudamjToot, ZahialagchNemeltMedeelel, horooCode) values ('Bianca', 1, 'xa04041471', '685-647-5169', '08 Anderson Park', 'Nam tristique tortor eu pede.', 3);
insert into Zahialagch (zahialagchNer, zahialagchHuis, zahialagchRegister, zahialagchUtas, zahialagchBairGudamjToot, ZahialagchNemeltMedeelel, horooCode) values ('Esma', 2, 'ro89162225', '833-855-6555', '713 Heath Way', 'Proin eu mi. Nulla ac enim.', 3);
insert into Zahialagch (zahialagchNer, zahialagchHuis, zahialagchRegister, zahialagchUtas, zahialagchBairGudamjToot, ZahialagchNemeltMedeelel, horooCode) values ('Jennie', 1, 'ok83591610', '244-131-4772', '1 Shopko Street', 'Nam dui. Proin leo odio, porttitor id, consequat in, consequat ut, nulla. Sed accumsan felis.', 2);
insert into Zahialagch (zahialagchNer, zahialagchHuis, zahialagchRegister, zahialagchUtas, zahialagchBairGudamjToot, ZahialagchNemeltMedeelel, horooCode) values ('Heddi', 1, 'tj92957343', '216-763-3894', '15 Dunning Street', 'Etiam vel augue.', 3);
insert into Zahialagch (zahialagchNer, zahialagchHuis, zahialagchRegister, zahialagchUtas, zahialagchBairGudamjToot, ZahialagchNemeltMedeelel, horooCode) values ('Cymbre', 1, 'ef69850472', '201-639-6916', '18 Heath Circle', 'Maecenas tristique, est et tempus semper, est quam pharetra magna, ac consequat metus sapien ut nunc. Vestibulum ante ipsum primis in faucibus orci luctus et ultrices posuere cubilia Curae; Mauris viverra diam vitae quam.', 2);
insert into Zahialagch (zahialagchNer, zahialagchHuis, zahialagchRegister, zahialagchUtas, zahialagchBairGudamjToot, ZahialagchNemeltMedeelel, horooCode) values ('Darby', 2, 'rh33637141', '448-466-4405', '4215 Del Sol Street', 'Donec dapibus. Duis at velit eu est congue elementum.', 2);
insert into Zahialagch (zahialagchNer, zahialagchHuis, zahialagchRegister, zahialagchUtas, zahialagchBairGudamjToot, ZahialagchNemeltMedeelel, horooCode) values ('Amandy', 2, 'iq14522543', '164-464-8724', '0060 Larry Junction', 'Fusce posuere felis sed lacus.', 3);
insert into Zahialagch (zahialagchNer, zahialagchHuis, zahialagchRegister, zahialagchUtas, zahialagchBairGudamjToot, ZahialagchNemeltMedeelel, horooCode) values ('Elspeth', 2, 'ys90002396', '725-906-0559', '60 Logan Terrace', 'Lorem ipsum dolor sit amet, consectetuer adipiscing elit. Proin risus. Praesent lectus.', 3);
insert into Zahialagch (zahialagchNer, zahialagchHuis, zahialagchRegister, zahialagchUtas, zahialagchBairGudamjToot, ZahialagchNemeltMedeelel, horooCode) values ('Bertha', 1, 'qj10317740', '779-352-5943', '7245 Russell Avenue', 'Cum sociis natoque penatibus et magnis dis parturient montes, nascetur ridiculus mus. Etiam vel augue.', 3);
insert into Zahialagch (zahialagchNer, zahialagchHuis, zahialagchRegister, zahialagchUtas, zahialagchBairGudamjToot, ZahialagchNemeltMedeelel, horooCode) values ('Lilli', 2, 'ff99599835', '104-714-6751', '48 Columbus Road', 'Vestibulum ac est lacinia nisi venenatis tristique. Fusce congue, diam id ornare imperdiet, sapien urna pretium nisl, ut volutpat sapien arcu sed augue. Aliquam erat volutpat.', 3);
insert into Zahialagch (zahialagchNer, zahialagchHuis, zahialagchRegister, zahialagchUtas, zahialagchBairGudamjToot, ZahialagchNemeltMedeelel, horooCode) values ('Aubine', 2, 'pj70398002', '309-961-6688', '91042 Mockingbird Drive', 'Duis mattis egestas metus. Aenean fermentum.', 5);
insert into Zahialagch (zahialagchNer, zahialagchHuis, zahialagchRegister, zahialagchUtas, zahialagchBairGudamjToot, ZahialagchNemeltMedeelel, horooCode) values ('Bella', 2, 'qz48434183', '723-962-8858', '34696 Huxley Trail', 'Sed ante. Vivamus tortor. Duis mattis egestas metus.', 5);
insert into Zahialagch (zahialagchNer, zahialagchHuis, zahialagchRegister, zahialagchUtas, zahialagchBairGudamjToot, ZahialagchNemeltMedeelel, horooCode) values ('Breanne', 1, 'pi87945290', '323-754-4828', '37234 Summit Street', 'Cras pellentesque volutpat dui. Maecenas tristique, est et tempus semper, est quam pharetra magna, ac consequat metus sapien ut nunc. Vestibulum ante ipsum primis in faucibus orci luctus et ultrices posuere cubilia Curae; Mauris viverra diam vitae quam.', 3);
insert into Zahialagch (zahialagchNer, zahialagchHuis, zahialagchRegister, zahialagchUtas, zahialagchBairGudamjToot, ZahialagchNemeltMedeelel, horooCode) values ('Lulu', 1, 'ua87770809', '211-787-2617', '1310 Hoffman Parkway', 'Integer aliquet, massa id lobortis convallis, tortor risus dapibus augue, vel accumsan tellus nisi eu orci. Mauris lacinia sapien quis libero. Nullam sit amet turpis elementum ligula vehicula consequat.', 3);
insert into Zahialagch (zahialagchNer, zahialagchHuis, zahialagchRegister, zahialagchUtas, zahialagchBairGudamjToot, ZahialagchNemeltMedeelel, horooCode) values ('Tish', 1, 'nm37552234', '358-402-9856', '7818 Sachs Way', 'Morbi non lectus.', 3);
insert into Zahialagch (zahialagchNer, zahialagchHuis, zahialagchRegister, zahialagchUtas, zahialagchBairGudamjToot, ZahialagchNemeltMedeelel, horooCode) values ('Fanechka', 2, 'mb99322412', '694-658-0068', '0 Westridge Drive', 'Duis aliquam convallis nunc. Proin at turpis a pede posuere nonummy. Integer non velit.', 2);
insert into Zahialagch (zahialagchNer, zahialagchHuis, zahialagchRegister, zahialagchUtas, zahialagchBairGudamjToot, ZahialagchNemeltMedeelel, horooCode) values ('Alene', 2, 'oo77575251', '969-839-9285', '7605 John Wall Avenue', 'Vivamus vel nulla eget eros elementum pellentesque. Quisque porta volutpat erat. Quisque erat eros, viverra eget, congue eget, semper rutrum, nulla.', 4);
insert into Zahialagch (zahialagchNer, zahialagchHuis, zahialagchRegister, zahialagchUtas, zahialagchBairGudamjToot, ZahialagchNemeltMedeelel, horooCode) values ('Joya', 2, 'nq26580488', '109-343-9449', '65 Ilene Way', 'Donec quis orci eget orci vehicula condimentum.', 5);
insert into Zahialagch (zahialagchNer, zahialagchHuis, zahialagchRegister, zahialagchUtas, zahialagchBairGudamjToot, ZahialagchNemeltMedeelel, horooCode) values ('Billi', 1, 'bj06263967', '364-993-0192', '91 Spohn Street', 'Proin leo odio, porttitor id, consequat in, consequat ut, nulla. Sed accumsan felis. Ut at dolor quis odio consequat varius.', 4);
insert into Zahialagch (zahialagchNer, zahialagchHuis, zahialagchRegister, zahialagchUtas, zahialagchBairGudamjToot, ZahialagchNemeltMedeelel, horooCode) values ('Staci', 2, 'wt12847704', '818-169-0289', '88593 Huxley Road', 'Curabitur in libero ut massa volutpat convallis.', 5);
insert into Zahialagch (zahialagchNer, zahialagchHuis, zahialagchRegister, zahialagchUtas, zahialagchBairGudamjToot, ZahialagchNemeltMedeelel, horooCode) values ('Jeannette', 1, 'ua88523695', '253-467-0397', '1 Caliangt Circle', 'Morbi non quam nec dui luctus rutrum. Nulla tellus.', 2);
insert into Zahialagch (zahialagchNer, zahialagchHuis, zahialagchRegister, zahialagchUtas, zahialagchBairGudamjToot, ZahialagchNemeltMedeelel, horooCode) values ('Fanya', 1, 'ej30070166', '959-570-7297', '75267 Logan Circle', 'Donec ut dolor.', 3);
insert into Zahialagch (zahialagchNer, zahialagchHuis, zahialagchRegister, zahialagchUtas, zahialagchBairGudamjToot, ZahialagchNemeltMedeelel, horooCode) values ('Ardenia', 2, 'pb98043142', '202-959-9740', '520 Independence Pass', 'Lorem ipsum dolor sit amet, consectetuer adipiscing elit. Proin risus. Praesent lectus.', 1);
insert into Zahialagch (zahialagchNer, zahialagchHuis, zahialagchRegister, zahialagchUtas, zahialagchBairGudamjToot, ZahialagchNemeltMedeelel, horooCode) values ('Kyla', 2, 'zu41428732', '660-534-1461', '79116 Butternut Junction', 'Vestibulum rutrum rutrum neque.', 2);
insert into Zahialagch (zahialagchNer, zahialagchHuis, zahialagchRegister, zahialagchUtas, zahialagchBairGudamjToot, ZahialagchNemeltMedeelel, horooCode) values ('Barbara-anne', 2, 'bo34617964', '555-668-1625', '94 Mesta Park', 'Fusce consequat. Nulla nisl. Nunc nisl.', 3);
insert into Zahialagch (zahialagchNer, zahialagchHuis, zahialagchRegister, zahialagchUtas, zahialagchBairGudamjToot, ZahialagchNemeltMedeelel, horooCode) values ('Margaretta', 1, 'um66247407', '420-145-1383', '63433 Jenifer Court', 'In hac habitasse platea dictumst. Morbi vestibulum, velit id pretium iaculis, diam erat fermentum justo, nec condimentum neque sapien placerat ante.', 1);
insert into Zahialagch (zahialagchNer, zahialagchHuis, zahialagchRegister, zahialagchUtas, zahialagchBairGudamjToot, ZahialagchNemeltMedeelel, horooCode) values ('Penni', 2, 'no58232694', '747-576-7648', '071 Acker Terrace', 'Etiam pretium iaculis justo. In hac habitasse platea dictumst.', 5);
insert into Zahialagch (zahialagchNer, zahialagchHuis, zahialagchRegister, zahialagchUtas, zahialagchBairGudamjToot, ZahialagchNemeltMedeelel, horooCode) values ('Brenn', 2, 'so52860222', '549-888-7911', '41726 Rockefeller Avenue', 'Phasellus id sapien in sapien iaculis congue.', 5);
insert into Zahialagch (zahialagchNer, zahialagchHuis, zahialagchRegister, zahialagchUtas, zahialagchBairGudamjToot, ZahialagchNemeltMedeelel, horooCode) values ('Carmelia', 2, 'dk24972010', '212-873-1922', '332 Grim Hill', 'Vestibulum sed magna at nunc commodo placerat.', 4);
insert into Zahialagch (zahialagchNer, zahialagchHuis, zahialagchRegister, zahialagchUtas, zahialagchBairGudamjToot, ZahialagchNemeltMedeelel, horooCode) values ('Ermentrude', 1, 'ga83005581', '719-103-1984', '100 Melrose Road', 'Duis bibendum. Morbi non quam nec dui luctus rutrum.', 1);
insert into Zahialagch (zahialagchNer, zahialagchHuis, zahialagchRegister, zahialagchUtas, zahialagchBairGudamjToot, ZahialagchNemeltMedeelel, horooCode) values ('Beret', 2, 'nf72112034', '557-191-4264', '023 Banding Parkway', 'Mauris sit amet eros. Suspendisse accumsan tortor quis turpis.', 2);
insert into Zahialagch (zahialagchNer, zahialagchHuis, zahialagchRegister, zahialagchUtas, zahialagchBairGudamjToot, ZahialagchNemeltMedeelel, horooCode) values ('Georgianna', 2, 'gm19054993', '831-107-8922', '3088 Norway Maple Place', 'Maecenas pulvinar lobortis est. Phasellus sit amet erat.', 2);
insert into Zahialagch (zahialagchNer, zahialagchHuis, zahialagchRegister, zahialagchUtas, zahialagchBairGudamjToot, ZahialagchNemeltMedeelel, horooCode) values ('Starlene', 1, 'bj37051398', '437-576-2591', '0 Little Fleur Terrace', 'Donec dapibus. Duis at velit eu est congue elementum.', 5);
insert into Zahialagch (zahialagchNer, zahialagchHuis, zahialagchRegister, zahialagchUtas, zahialagchBairGudamjToot, ZahialagchNemeltMedeelel, horooCode) values ('Trixi', 1, 'mj78408313', '415-585-0473', '1 Kipling Parkway', 'Integer ac leo. Pellentesque ultrices mattis odio. Donec vitae nisi.', 2);
insert into Zahialagch (zahialagchNer, zahialagchHuis, zahialagchRegister, zahialagchUtas, zahialagchBairGudamjToot, ZahialagchNemeltMedeelel, horooCode) values ('George', 1, 'dh91609365', '119-123-5949', '71704 Harper Plaza', 'Nullam sit amet turpis elementum ligula vehicula consequat. Morbi a ipsum. Integer a nibh.', 2);
insert into Zahialagch (zahialagchNer, zahialagchHuis, zahialagchRegister, zahialagchUtas, zahialagchBairGudamjToot, ZahialagchNemeltMedeelel, horooCode) values ('Celestyn', 1, 'zt91543209', '624-616-4611', '76 Manitowish Park', 'Proin at turpis a pede posuere nonummy. Integer non velit. Donec diam neque, vestibulum eget, vulputate ut, ultrices vel, augue.', 1);
insert into Zahialagch (zahialagchNer, zahialagchHuis, zahialagchRegister, zahialagchUtas, zahialagchBairGudamjToot, ZahialagchNemeltMedeelel, horooCode) values ('Piper', 2, 'gi64618697', '813-562-1359', '923 Hermina Street', 'Quisque ut erat. Curabitur gravida nisi at nibh. In hac habitasse platea dictumst.', 4);
insert into Zahialagch (zahialagchNer, zahialagchHuis, zahialagchRegister, zahialagchUtas, zahialagchBairGudamjToot, ZahialagchNemeltMedeelel, horooCode) values ('Lotte', 2, 'su78671570', '561-370-4486', '71680 Rusk Junction', 'In blandit ultrices enim. Lorem ipsum dolor sit amet, consectetuer adipiscing elit.', 2);
insert into Zahialagch (zahialagchNer, zahialagchHuis, zahialagchRegister, zahialagchUtas, zahialagchBairGudamjToot, ZahialagchNemeltMedeelel, horooCode) values ('Aarika', 2, 'jl71585914', '301-125-0883', '3 Morning Junction', 'Duis ac nibh.', 1);
insert into Zahialagch (zahialagchNer, zahialagchHuis, zahialagchRegister, zahialagchUtas, zahialagchBairGudamjToot, ZahialagchNemeltMedeelel, horooCode) values ('Aurelea', 2, 'ud71372315', '189-583-0680', '8 Paget Junction', 'Lorem ipsum dolor sit amet, consectetuer adipiscing elit. Proin interdum mauris non ligula pellentesque ultrices.', 5);
insert into Zahialagch (zahialagchNer, zahialagchHuis, zahialagchRegister, zahialagchUtas, zahialagchBairGudamjToot, ZahialagchNemeltMedeelel, horooCode) values ('Lauryn', 2, 'gf65761453', '487-443-4978', '16 Brentwood Road', 'In quis justo. Maecenas rhoncus aliquam lacus. Morbi quis tortor id nulla ultrices aliquet.', 3);
insert into Zahialagch (zahialagchNer, zahialagchHuis, zahialagchRegister, zahialagchUtas, zahialagchBairGudamjToot, ZahialagchNemeltMedeelel, horooCode) values ('Romola', 2, 'fl33909611', '741-382-8726', '1 Luster Pass', 'Vestibulum ante ipsum primis in faucibus orci luctus et ultrices posuere cubilia Curae; Donec pharetra, magna vestibulum aliquet ultrices, erat tortor sollicitudin mi, sit amet lobortis sapien sapien non mi. Integer ac neque. Duis bibendum.', 5);
insert into Zahialagch (zahialagchNer, zahialagchHuis, zahialagchRegister, zahialagchUtas, zahialagchBairGudamjToot, ZahialagchNemeltMedeelel, horooCode) values ('Julie', 1, 'mf66773807', '561-515-8122', '15 Warner Street', 'Phasellus id sapien in sapien iaculis congue. Vivamus metus arcu, adipiscing molestie, hendrerit at, vulputate vitae, nisl.', 5);
insert into Zahialagch (zahialagchNer, zahialagchHuis, zahialagchRegister, zahialagchUtas, zahialagchBairGudamjToot, ZahialagchNemeltMedeelel, horooCode) values ('Tomasine', 1, 'pg85308118', '407-470-1492', '7239 Melrose Terrace', 'Nullam molestie nibh in lectus.', 2);
insert into Zahialagch (zahialagchNer, zahialagchHuis, zahialagchRegister, zahialagchUtas, zahialagchBairGudamjToot, ZahialagchNemeltMedeelel, horooCode) values ('Fayette', 2, 'ri09379168', '313-236-4690', '510 Clyde Gallagher Plaza', 'Proin leo odio, porttitor id, consequat in, consequat ut, nulla. Sed accumsan felis.', 5);
insert into Zahialagch (zahialagchNer, zahialagchHuis, zahialagchRegister, zahialagchUtas, zahialagchBairGudamjToot, ZahialagchNemeltMedeelel, horooCode) values ('Freddi', 2, 'jy37367580', '879-463-4506', '5 Kinsman Circle', 'Aenean sit amet justo. Morbi ut odio.', 5);
insert into Zahialagch (zahialagchNer, zahialagchHuis, zahialagchRegister, zahialagchUtas, zahialagchBairGudamjToot, ZahialagchNemeltMedeelel, horooCode) values ('Sophey', 1, 'rs24450549', '875-356-8567', '45924 Holy Cross Center', 'Cras in purus eu magna vulputate luctus.', 3);
insert into Zahialagch (zahialagchNer, zahialagchHuis, zahialagchRegister, zahialagchUtas, zahialagchBairGudamjToot, ZahialagchNemeltMedeelel, horooCode) values ('Brandi', 1, 'rr04320524', '982-854-5703', '44750 Melody Street', 'Praesent blandit lacinia erat. Vestibulum sed magna at nunc commodo placerat. Praesent blandit.', 2);
insert into Zahialagch (zahialagchNer, zahialagchHuis, zahialagchRegister, zahialagchUtas, zahialagchBairGudamjToot, ZahialagchNemeltMedeelel, horooCode) values ('Freda', 1, 'jn00070002', '808-141-9063', '2 Harper Court', 'Nulla mollis molestie lorem. Quisque ut erat. Curabitur gravida nisi at nibh.', 3);
insert into Zahialagch (zahialagchNer, zahialagchHuis, zahialagchRegister, zahialagchUtas, zahialagchBairGudamjToot, ZahialagchNemeltMedeelel, horooCode) values ('Floris', 1, 'kf71463906', '211-300-2507', '24 Spaight Street', 'Praesent lectus. Vestibulum quam sapien, varius ut, blandit non, interdum in, ante.', 4);
insert into Zahialagch (zahialagchNer, zahialagchHuis, zahialagchRegister, zahialagchUtas, zahialagchBairGudamjToot, ZahialagchNemeltMedeelel, horooCode) values ('Jenda', 2, 'ju16171463', '741-213-4848', '32 Melody Park', 'Integer non velit.', 2);
insert into Zahialagch (zahialagchNer, zahialagchHuis, zahialagchRegister, zahialagchUtas, zahialagchBairGudamjToot, ZahialagchNemeltMedeelel, horooCode) values ('Stephannie', 2, 'pa57937071', '221-408-4376', '6746 Mcbride Circle', 'Praesent id massa id nisl venenatis lacinia. Aenean sit amet justo. Morbi ut odio.', 2);
insert into Zahialagch (zahialagchNer, zahialagchHuis, zahialagchRegister, zahialagchUtas, zahialagchBairGudamjToot, ZahialagchNemeltMedeelel, horooCode) values ('Calla', 2, 'iq08838579', '530-566-2957', '832 Summer Ridge Drive', 'Nam nulla. Integer pede justo, lacinia eget, tincidunt eget, tempus vel, pede. Morbi porttitor lorem id ligula.', 1);
insert into Zahialagch (zahialagchNer, zahialagchHuis, zahialagchRegister, zahialagchUtas, zahialagchBairGudamjToot, ZahialagchNemeltMedeelel, horooCode) values ('Katrina', 2, 'qr56097266', '570-288-8572', '571 Annamark Hill', 'Fusce congue, diam id ornare imperdiet, sapien urna pretium nisl, ut volutpat sapien arcu sed augue. Aliquam erat volutpat.', 3);
insert into Zahialagch (zahialagchNer, zahialagchHuis, zahialagchRegister, zahialagchUtas, zahialagchBairGudamjToot, ZahialagchNemeltMedeelel, horooCode) values ('Dorice', 1, 'pg44709233', '412-495-1803', '03 Dennis Drive', 'Duis bibendum, felis sed interdum venenatis, turpis enim blandit mi, in porttitor pede justo eu massa. Donec dapibus.', 1);
insert into Zahialagch (zahialagchNer, zahialagchHuis, zahialagchRegister, zahialagchUtas, zahialagchBairGudamjToot, ZahialagchNemeltMedeelel, horooCode) values ('Cecilia', 2, 'tx75740755', '257-782-4130', '3 Bluejay Court', 'Praesent blandit lacinia erat.', 2);
insert into Zahialagch (zahialagchNer, zahialagchHuis, zahialagchRegister, zahialagchUtas, zahialagchBairGudamjToot, ZahialagchNemeltMedeelel, horooCode) values ('Jorrie', 2, 'xy56995517', '938-206-0700', '1953 Messerschmidt Park', 'Vestibulum ante ipsum primis in faucibus orci luctus et ultrices posuere cubilia Curae; Nulla dapibus dolor vel est. Donec odio justo, sollicitudin ut, suscipit a, feugiat et, eros. Vestibulum ac est lacinia nisi venenatis tristique.', 2);
insert into Zahialagch (zahialagchNer, zahialagchHuis, zahialagchRegister, zahialagchUtas, zahialagchBairGudamjToot, ZahialagchNemeltMedeelel, horooCode) values ('Faun', 1, 'ws97168440', '976-320-4731', '71076 Forest Pass', 'Suspendisse potenti.', 5);
insert into Zahialagch (zahialagchNer, zahialagchHuis, zahialagchRegister, zahialagchUtas, zahialagchBairGudamjToot, ZahialagchNemeltMedeelel, horooCode) values ('Desirae', 2, 'hj26446058', '725-612-9487', '9 Anzinger Terrace', 'Aenean fermentum.', 3);
insert into Zahialagch (zahialagchNer, zahialagchHuis, zahialagchRegister, zahialagchUtas, zahialagchBairGudamjToot, ZahialagchNemeltMedeelel, horooCode) values ('Brenda', 1, 'hy76184192', '886-963-6210', '9 Red Cloud Drive', 'Nullam varius. Nulla facilisi. Cras non velit nec nisi vulputate nonummy.', 1);
insert into Zahialagch (zahialagchNer, zahialagchHuis, zahialagchRegister, zahialagchUtas, zahialagchBairGudamjToot, ZahialagchNemeltMedeelel, horooCode) values ('Orelia', 2, 'zk68916259', '331-865-6146', '12963 Morningstar Parkway', 'In tempor, turpis nec euismod scelerisque, quam turpis adipiscing lorem, vitae mattis nibh ligula nec sem. Duis aliquam convallis nunc.', 4);
insert into Zahialagch (zahialagchNer, zahialagchHuis, zahialagchRegister, zahialagchUtas, zahialagchBairGudamjToot, ZahialagchNemeltMedeelel, horooCode) values ('Ray', 2, 'pe90740011', '969-716-6042', '5229 Hovde Crossing', 'Praesent blandit. Nam nulla. Integer pede justo, lacinia eget, tincidunt eget, tempus vel, pede.', 2);
insert into Zahialagch (zahialagchNer, zahialagchHuis, zahialagchRegister, zahialagchUtas, zahialagchBairGudamjToot, ZahialagchNemeltMedeelel, horooCode) values ('Kendre', 1, 'eh07487905', '545-321-7373', '8564 Dorton Crossing', 'In quis justo. Maecenas rhoncus aliquam lacus. Morbi quis tortor id nulla ultrices aliquet.', 5);
insert into Zahialagch (zahialagchNer, zahialagchHuis, zahialagchRegister, zahialagchUtas, zahialagchBairGudamjToot, ZahialagchNemeltMedeelel, horooCode) values ('Kelsi', 1, 'dy13032331', '601-949-2297', '39 Donald Avenue', 'Sed ante. Vivamus tortor. Duis mattis egestas metus.', 5);
insert into Zahialagch (zahialagchNer, zahialagchHuis, zahialagchRegister, zahialagchUtas, zahialagchBairGudamjToot, ZahialagchNemeltMedeelel, horooCode) values ('Van', 1, 'pl74558555', '353-139-1078', '83869 Commercial Point', 'Integer tincidunt ante vel ipsum. Praesent blandit lacinia erat.', 4);
insert into Zahialagch (zahialagchNer, zahialagchHuis, zahialagchRegister, zahialagchUtas, zahialagchBairGudamjToot, ZahialagchNemeltMedeelel, horooCode) values ('Josie', 1, 'am19164329', '541-152-3728', '175 Spaight Plaza', 'Curabitur in libero ut massa volutpat convallis. Morbi odio odio, elementum eu, interdum eu, tincidunt in, leo. Maecenas pulvinar lobortis est.', 5);
insert into Zahialagch (zahialagchNer, zahialagchHuis, zahialagchRegister, zahialagchUtas, zahialagchBairGudamjToot, ZahialagchNemeltMedeelel, horooCode) values ('Desirae', 1, 'nm43983924', '850-880-1024', '920 Dakota Way', 'Quisque erat eros, viverra eget, congue eget, semper rutrum, nulla.', 2);
insert into Zahialagch (zahialagchNer, zahialagchHuis, zahialagchRegister, zahialagchUtas, zahialagchBairGudamjToot, ZahialagchNemeltMedeelel, horooCode) values ('Crystie', 1, 'ef21372392', '376-344-9541', '839 Dixon Way', 'In est risus, auctor sed, tristique in, tempus sit amet, sem. Fusce consequat. Nulla nisl.', 1);
insert into Zahialagch (zahialagchNer, zahialagchHuis, zahialagchRegister, zahialagchUtas, zahialagchBairGudamjToot, ZahialagchNemeltMedeelel, horooCode) values ('Tawnya', 1, 'mv31016340', '514-315-2486', '08 Fallview Plaza', 'Nunc purus. Phasellus in felis.', 2);
insert into Zahialagch (zahialagchNer, zahialagchHuis, zahialagchRegister, zahialagchUtas, zahialagchBairGudamjToot, ZahialagchNemeltMedeelel, horooCode) values ('Bibi', 1, 'rd76130299', '818-404-3630', '51979 Calypso Hill', 'Phasellus id sapien in sapien iaculis congue. Vivamus metus arcu, adipiscing molestie, hendrerit at, vulputate vitae, nisl. Aenean lectus.', 3);
insert into Zahialagch (zahialagchNer, zahialagchHuis, zahialagchRegister, zahialagchUtas, zahialagchBairGudamjToot, ZahialagchNemeltMedeelel, horooCode) values ('Loella', 2, 'aa87061251', '438-592-4616', '382 Twin Pines Way', 'In quis justo. Maecenas rhoncus aliquam lacus. Morbi quis tortor id nulla ultrices aliquet.', 2);
insert into Zahialagch (zahialagchNer, zahialagchHuis, zahialagchRegister, zahialagchUtas, zahialagchBairGudamjToot, ZahialagchNemeltMedeelel, horooCode) values ('Millicent', 1, 'ua91944762', '766-416-1826', '0742 Ryan Way', 'Phasellus id sapien in sapien iaculis congue. Vivamus metus arcu, adipiscing molestie, hendrerit at, vulputate vitae, nisl.', 2);
insert into Zahialagch (zahialagchNer, zahialagchHuis, zahialagchRegister, zahialagchUtas, zahialagchBairGudamjToot, ZahialagchNemeltMedeelel, horooCode) values ('Taryn', 2, 'xl72691287', '622-788-1550', '00 Loomis Court', 'Curabitur at ipsum ac tellus semper interdum. Mauris ullamcorper purus sit amet nulla. Quisque arcu libero, rutrum ac, lobortis vel, dapibus at, diam.', 3);
insert into Zahialagch (zahialagchNer, zahialagchHuis, zahialagchRegister, zahialagchUtas, zahialagchBairGudamjToot, ZahialagchNemeltMedeelel, horooCode) values ('Kathi', 1, 'dg31140238', '259-110-6067', '73821 Stuart Center', 'Phasellus in felis. Donec semper sapien a libero. Nam dui.', 3);
insert into Zahialagch (zahialagchNer, zahialagchHuis, zahialagchRegister, zahialagchUtas, zahialagchBairGudamjToot, ZahialagchNemeltMedeelel, horooCode) values ('Anne-marie', 2, 'ci45228402', '177-495-5528', '03 Scofield Plaza', 'Proin eu mi. Nulla ac enim. In tempor, turpis nec euismod scelerisque, quam turpis adipiscing lorem, vitae mattis nibh ligula nec sem.', 3);
insert into Zahialagch (zahialagchNer, zahialagchHuis, zahialagchRegister, zahialagchUtas, zahialagchBairGudamjToot, ZahialagchNemeltMedeelel, horooCode) values ('Kikelia', 1, 'qn30956698', '111-694-6665', '112 Rieder Center', 'Fusce consequat.', 1);
insert into Zahialagch (zahialagchNer, zahialagchHuis, zahialagchRegister, zahialagchUtas, zahialagchBairGudamjToot, ZahialagchNemeltMedeelel, horooCode) values ('Tobe', 1, 'rn09958186', '967-150-1968', '5520 Ilene Hill', 'Donec posuere metus vitae ipsum. Aliquam non mauris. Morbi non lectus.', 1);
insert into Zahialagch (zahialagchNer, zahialagchHuis, zahialagchRegister, zahialagchUtas, zahialagchBairGudamjToot, ZahialagchNemeltMedeelel, horooCode) values ('Philippa', 1, 'vn54561098', '352-612-2422', '6182 Acker Hill', 'Morbi vestibulum, velit id pretium iaculis, diam erat fermentum justo, nec condimentum neque sapien placerat ante. Nulla justo.', 5);
insert into Zahialagch (zahialagchNer, zahialagchHuis, zahialagchRegister, zahialagchUtas, zahialagchBairGudamjToot, ZahialagchNemeltMedeelel, horooCode) values ('Cristionna', 2, 'gm32041002', '653-532-0555', '9 Stone Corner Park', 'Lorem ipsum dolor sit amet, consectetuer adipiscing elit. Proin interdum mauris non ligula pellentesque ultrices.', 2);
insert into Zahialagch (zahialagchNer, zahialagchHuis, zahialagchRegister, zahialagchUtas, zahialagchBairGudamjToot, ZahialagchNemeltMedeelel, horooCode) values ('Lavena', 1, 'sd59212876', '323-346-5377', '24 Ridgeway Parkway', 'Quisque id justo sit amet sapien dignissim vestibulum.', 5);
insert into Zahialagch (zahialagchNer, zahialagchHuis, zahialagchRegister, zahialagchUtas, zahialagchBairGudamjToot, ZahialagchNemeltMedeelel, horooCode) values ('Winonah', 2, 'om92380540', '706-221-8728', '73333 Novick Alley', 'Mauris sit amet eros. Suspendisse accumsan tortor quis turpis.', 1);
insert into Zahialagch (zahialagchNer, zahialagchHuis, zahialagchRegister, zahialagchUtas, zahialagchBairGudamjToot, ZahialagchNemeltMedeelel, horooCode) values ('Petronille', 2, 'kq17620633', '955-279-6731', '93 Darwin Parkway', 'Praesent lectus. Vestibulum quam sapien, varius ut, blandit non, interdum in, ante. Vestibulum ante ipsum primis in faucibus orci luctus et ultrices posuere cubilia Curae; Duis faucibus accumsan odio.', 4);
insert into Zahialagch (zahialagchNer, zahialagchHuis, zahialagchRegister, zahialagchUtas, zahialagchBairGudamjToot, ZahialagchNemeltMedeelel, horooCode) values ('Brande', 1, 'aw96041287', '246-575-0258', '3 Crowley Park', 'Ut tellus. Nulla ut erat id mauris vulputate elementum.', 4);



insert into Zahialga (zahialgaDate, zahialgaTulbur, zahialgaStatus, zahialagchCode) values ('2022-06-15', 99862, 'accepted', 33);
insert into Zahialga (zahialgaDate, zahialgaTulbur, zahialgaStatus, zahialagchCode) values ('2022-01-26', 34556, 'accepted', 74);
insert into Zahialga (zahialgaDate, zahialgaTulbur, zahialgaStatus, zahialagchCode) values ('2022-04-27', 79219, 'accepted', 22);
insert into Zahialga (zahialgaDate, zahialgaTulbur, zahialgaStatus, zahialagchCode) values ('2022-08-16', 38016, 'accepted', 8);
insert into Zahialga (zahialgaDate, zahialgaTulbur, zahialgaStatus, zahialagchCode) values ('2022-04-04', 33618, 'accepted', 30);
insert into Zahialga (zahialgaDate, zahialgaTulbur, zahialgaStatus, zahialagchCode) values ('2022-09-12', 66810, 'accepted', 68);
insert into Zahialga (zahialgaDate, zahialgaTulbur, zahialgaStatus, zahialagchCode) values ('2022-09-12', 68638, 'accepted', 22);
insert into Zahialga (zahialgaDate, zahialgaTulbur, zahialgaStatus, zahialagchCode) values ('2022-09-26', 25895, 'accepted', 91);
insert into Zahialga (zahialgaDate, zahialgaTulbur, zahialgaStatus, zahialagchCode) values ('2022-03-25', 26009, 'accepted', 38);
insert into Zahialga (zahialgaDate, zahialgaTulbur, zahialgaStatus, zahialagchCode) values ('2021-10-12', 56903, 'accepted', 61);
insert into Zahialga (zahialgaDate, zahialgaTulbur, zahialgaStatus, zahialagchCode) values ('2022-06-21', 21175, 'accepted', 98);
insert into Zahialga (zahialgaDate, zahialgaTulbur, zahialgaStatus, zahialagchCode) values ('2022-03-10', 72814, 'accepted', 76);
insert into Zahialga (zahialgaDate, zahialgaTulbur, zahialgaStatus, zahialagchCode) values ('2022-08-29', 34094, 'accepted', 86);
insert into Zahialga (zahialgaDate, zahialgaTulbur, zahialgaStatus, zahialagchCode) values ('2021-10-25', 74927, 'accepted', 57);
insert into Zahialga (zahialgaDate, zahialgaTulbur, zahialgaStatus, zahialagchCode) values ('2022-04-25', 79531, 'accepted', 45);
insert into Zahialga (zahialgaDate, zahialgaTulbur, zahialgaStatus, zahialagchCode) values ('2022-02-18', 54668, 'accepted', 82);
insert into Zahialga (zahialgaDate, zahialgaTulbur, zahialgaStatus, zahialagchCode) values ('2022-03-30', 29232, 'accepted', 85);
insert into Zahialga (zahialgaDate, zahialgaTulbur, zahialgaStatus, zahialagchCode) values ('2022-06-14', 45425, 'accepted', 55);
insert into Zahialga (zahialgaDate, zahialgaTulbur, zahialgaStatus, zahialagchCode) values ('2022-10-03', 54760, 'accepted', 88);
insert into Zahialga (zahialgaDate, zahialgaTulbur, zahialgaStatus, zahialagchCode) values ('2022-01-22', 40966, 'accepted', 70);
insert into Zahialga (zahialgaDate, zahialgaTulbur, zahialgaStatus, zahialagchCode) values ('2022-04-07', 67171, 'accepted', 48);
insert into Zahialga (zahialgaDate, zahialgaTulbur, zahialgaStatus, zahialagchCode) values ('2022-07-14', 32393, 'accepted', 76);
insert into Zahialga (zahialgaDate, zahialgaTulbur, zahialgaStatus, zahialagchCode) values ('2022-01-08', 90405, 'accepted', 27);
insert into Zahialga (zahialgaDate, zahialgaTulbur, zahialgaStatus, zahialagchCode) values ('2022-09-05', 84063, 'accepted', 50);
insert into Zahialga (zahialgaDate, zahialgaTulbur, zahialgaStatus, zahialagchCode) values ('2022-06-01', 26992, 'accepted', 4);
insert into Zahialga (zahialgaDate, zahialgaTulbur, zahialgaStatus, zahialagchCode) values ('2022-07-01', 40416, 'accepted', 6);
insert into Zahialga (zahialgaDate, zahialgaTulbur, zahialgaStatus, zahialagchCode) values ('2022-01-24', 40289, 'accepted', 69);
insert into Zahialga (zahialgaDate, zahialgaTulbur, zahialgaStatus, zahialagchCode) values ('2022-03-09', 72558, 'accepted', 7);
insert into Zahialga (zahialgaDate, zahialgaTulbur, zahialgaStatus, zahialagchCode) values ('2022-01-18', 33148, 'accepted', 98);
insert into Zahialga (zahialgaDate, zahialgaTulbur, zahialgaStatus, zahialagchCode) values ('2022-04-12', 53963, 'accepted', 39);
insert into Zahialga (zahialgaDate, zahialgaTulbur, zahialgaStatus, zahialagchCode) values ('2022-08-27', 74633, 'accepted', 82);
insert into Zahialga (zahialgaDate, zahialgaTulbur, zahialgaStatus, zahialagchCode) values ('2022-01-03', 74805, 'accepted', 56);
insert into Zahialga (zahialgaDate, zahialgaTulbur, zahialgaStatus, zahialagchCode) values ('2022-02-07', 28781, 'accepted', 23);
insert into Zahialga (zahialgaDate, zahialgaTulbur, zahialgaStatus, zahialagchCode) values ('2022-09-09', 40067, 'accepted', 12);
insert into Zahialga (zahialgaDate, zahialgaTulbur, zahialgaStatus, zahialagchCode) values ('2022-08-21', 60499, 'accepted', 66);
insert into Zahialga (zahialgaDate, zahialgaTulbur, zahialgaStatus, zahialagchCode) values ('2022-09-20', 39211, 'accepted', 7);
insert into Zahialga (zahialgaDate, zahialgaTulbur, zahialgaStatus, zahialagchCode) values ('2021-11-01', 41576, 'accepted', 87);
insert into Zahialga (zahialgaDate, zahialgaTulbur, zahialgaStatus, zahialagchCode) values ('2022-01-29', 29285, 'accepted', 20);
insert into Zahialga (zahialgaDate, zahialgaTulbur, zahialgaStatus, zahialagchCode) values ('2022-05-21', 75105, 'accepted', 13);
insert into Zahialga (zahialgaDate, zahialgaTulbur, zahialgaStatus, zahialagchCode) values ('2022-06-15', 41019, 'accepted', 59);
insert into Zahialga (zahialgaDate, zahialgaTulbur, zahialgaStatus, zahialagchCode) values ('2022-07-07', 87856, 'accepted', 65);
insert into Zahialga (zahialgaDate, zahialgaTulbur, zahialgaStatus, zahialagchCode) values ('2022-09-08', 87239, 'accepted', 15);
insert into Zahialga (zahialgaDate, zahialgaTulbur, zahialgaStatus, zahialagchCode) values ('2022-02-23', 68605, 'accepted', 91);
insert into Zahialga (zahialgaDate, zahialgaTulbur, zahialgaStatus, zahialagchCode) values ('2022-04-25', 66914, 'accepted', 61);
insert into Zahialga (zahialgaDate, zahialgaTulbur, zahialgaStatus, zahialagchCode) values ('2022-01-25', 90298, 'accepted', 44);
insert into Zahialga (zahialgaDate, zahialgaTulbur, zahialgaStatus, zahialagchCode) values ('2022-01-24', 91532, 'accepted', 78);
insert into Zahialga (zahialgaDate, zahialgaTulbur, zahialgaStatus, zahialagchCode) values ('2022-06-24', 81241, 'accepted', 77);
insert into Zahialga (zahialgaDate, zahialgaTulbur, zahialgaStatus, zahialagchCode) values ('2022-03-24', 34460, 'accepted', 14);
insert into Zahialga (zahialgaDate, zahialgaTulbur, zahialgaStatus, zahialagchCode) values ('2021-11-02', 54269, 'accepted', 53);
insert into Zahialga (zahialgaDate, zahialgaTulbur, zahialgaStatus, zahialagchCode) values ('2022-08-20', 28704, 'accepted', 94);
insert into Zahialga (zahialgaDate, zahialgaTulbur, zahialgaStatus, zahialagchCode) values ('2021-10-12', 20934, 'accepted', 21);
insert into Zahialga (zahialgaDate, zahialgaTulbur, zahialgaStatus, zahialagchCode) values ('2022-03-18', 65571, 'accepted', 47);
insert into Zahialga (zahialgaDate, zahialgaTulbur, zahialgaStatus, zahialagchCode) values ('2022-05-31', 46317, 'accepted', 4);
insert into Zahialga (zahialgaDate, zahialgaTulbur, zahialgaStatus, zahialagchCode) values ('2022-03-18', 73037, 'accepted', 89);
insert into Zahialga (zahialgaDate, zahialgaTulbur, zahialgaStatus, zahialagchCode) values ('2022-04-30', 36148, 'accepted', 49);
insert into Zahialga (zahialgaDate, zahialgaTulbur, zahialgaStatus, zahialagchCode) values ('2021-10-30', 64625, 'accepted', 9);
insert into Zahialga (zahialgaDate, zahialgaTulbur, zahialgaStatus, zahialagchCode) values ('2022-01-17', 32735, 'accepted', 15);
insert into Zahialga (zahialgaDate, zahialgaTulbur, zahialgaStatus, zahialagchCode) values ('2022-05-28', 85175, 'accepted', 9);
insert into Zahialga (zahialgaDate, zahialgaTulbur, zahialgaStatus, zahialagchCode) values ('2022-05-22', 48957, 'accepted', 27);
insert into Zahialga (zahialgaDate, zahialgaTulbur, zahialgaStatus, zahialagchCode) values ('2022-06-26', 21749, 'accepted', 34);
insert into Zahialga (zahialgaDate, zahialgaTulbur, zahialgaStatus, zahialagchCode) values ('2022-02-04', 47909, 'accepted', 69);
insert into Zahialga (zahialgaDate, zahialgaTulbur, zahialgaStatus, zahialagchCode) values ('2022-06-25', 25656, 'accepted', 55);
insert into Zahialga (zahialgaDate, zahialgaTulbur, zahialgaStatus, zahialagchCode) values ('2022-03-11', 50694, 'accepted', 3);
insert into Zahialga (zahialgaDate, zahialgaTulbur, zahialgaStatus, zahialagchCode) values ('2022-01-23', 94099, 'accepted', 45);
insert into Zahialga (zahialgaDate, zahialgaTulbur, zahialgaStatus, zahialagchCode) values ('2022-02-15', 34783, 'accepted', 38);
insert into Zahialga (zahialgaDate, zahialgaTulbur, zahialgaStatus, zahialagchCode) values ('2022-07-12', 40246, 'accepted', 94);
insert into Zahialga (zahialgaDate, zahialgaTulbur, zahialgaStatus, zahialagchCode) values ('2022-02-28', 38263, 'accepted', 41);
insert into Zahialga (zahialgaDate, zahialgaTulbur, zahialgaStatus, zahialagchCode) values ('2021-12-08', 86336, 'accepted', 73);
insert into Zahialga (zahialgaDate, zahialgaTulbur, zahialgaStatus, zahialagchCode) values ('2022-08-15', 87485, 'accepted', 7);
insert into Zahialga (zahialgaDate, zahialgaTulbur, zahialgaStatus, zahialagchCode) values ('2021-12-27', 31974, 'accepted', 10);
insert into Zahialga (zahialgaDate, zahialgaTulbur, zahialgaStatus, zahialagchCode) values ('2022-05-16', 96299, 'accepted', 93);
insert into Zahialga (zahialgaDate, zahialgaTulbur, zahialgaStatus, zahialagchCode) values ('2021-10-22', 51072, 'accepted', 33);
insert into Zahialga (zahialgaDate, zahialgaTulbur, zahialgaStatus, zahialagchCode) values ('2022-10-01', 97870, 'accepted', 25);
insert into Zahialga (zahialgaDate, zahialgaTulbur, zahialgaStatus, zahialagchCode) values ('2022-09-02', 58176, 'accepted', 23);
insert into Zahialga (zahialgaDate, zahialgaTulbur, zahialgaStatus, zahialagchCode) values ('2022-03-16', 98117, 'accepted', 45);
insert into Zahialga (zahialgaDate, zahialgaTulbur, zahialgaStatus, zahialagchCode) values ('2022-03-22', 99343, 'accepted', 21);
insert into Zahialga (zahialgaDate, zahialgaTulbur, zahialgaStatus, zahialagchCode) values ('2022-01-01', 60721, 'accepted', 41);
insert into Zahialga (zahialgaDate, zahialgaTulbur, zahialgaStatus, zahialagchCode) values ('2022-09-19', 25151, 'accepted', 83);
insert into Zahialga (zahialgaDate, zahialgaTulbur, zahialgaStatus, zahialagchCode) values ('2022-09-12', 38961, 'accepted', 48);
insert into Zahialga (zahialgaDate, zahialgaTulbur, zahialgaStatus, zahialagchCode) values ('2022-09-29', 65251, 'accepted', 35);
insert into Zahialga (zahialgaDate, zahialgaTulbur, zahialgaStatus, zahialagchCode) values ('2022-03-09', 73444, 'accepted', 16);
insert into Zahialga (zahialgaDate, zahialgaTulbur, zahialgaStatus, zahialagchCode) values ('2021-11-27', 26470, 'accepted', 72);
insert into Zahialga (zahialgaDate, zahialgaTulbur, zahialgaStatus, zahialagchCode) values ('2022-05-23', 66929, 'accepted', 63);
insert into Zahialga (zahialgaDate, zahialgaTulbur, zahialgaStatus, zahialagchCode) values ('2021-12-01', 81289, 'accepted', 20);
insert into Zahialga (zahialgaDate, zahialgaTulbur, zahialgaStatus, zahialagchCode) values ('2022-05-18', 50820, 'accepted', 92);
insert into Zahialga (zahialgaDate, zahialgaTulbur, zahialgaStatus, zahialagchCode) values ('2021-10-07', 96274, 'accepted', 42);
insert into Zahialga (zahialgaDate, zahialgaTulbur, zahialgaStatus, zahialagchCode) values ('2022-09-09', 37260, 'accepted', 19);
insert into Zahialga (zahialgaDate, zahialgaTulbur, zahialgaStatus, zahialagchCode) values ('2021-12-04', 64374, 'accepted', 17);
insert into Zahialga (zahialgaDate, zahialgaTulbur, zahialgaStatus, zahialagchCode) values ('2022-05-23', 35628, 'accepted', 30);
insert into Zahialga (zahialgaDate, zahialgaTulbur, zahialgaStatus, zahialagchCode) values ('2022-09-03', 38664, 'accepted', 56);
insert into Zahialga (zahialgaDate, zahialgaTulbur, zahialgaStatus, zahialagchCode) values ('2022-10-03', 94104, 'accepted', 50);
insert into Zahialga (zahialgaDate, zahialgaTulbur, zahialgaStatus, zahialagchCode) values ('2022-02-09', 61660, 'accepted', 12);
insert into Zahialga (zahialgaDate, zahialgaTulbur, zahialgaStatus, zahialagchCode) values ('2022-09-12', 58985, 'accepted', 74);
insert into Zahialga (zahialgaDate, zahialgaTulbur, zahialgaStatus, zahialagchCode) values ('2022-05-07', 20646, 'accepted', 79);
insert into Zahialga (zahialgaDate, zahialgaTulbur, zahialgaStatus, zahialagchCode) values ('2021-11-09', 26825, 'accepted', 38);
insert into Zahialga (zahialgaDate, zahialgaTulbur, zahialgaStatus, zahialagchCode) values ('2022-10-05', 25683, 'accepted', 80);
insert into Zahialga (zahialgaDate, zahialgaTulbur, zahialgaStatus, zahialagchCode) values ('2021-12-03', 36487, 'accepted', 26);
insert into Zahialga (zahialgaDate, zahialgaTulbur, zahialgaStatus, zahialagchCode) values ('2022-07-12', 94871, 'accepted', 96);
insert into Zahialga (zahialgaDate, zahialgaTulbur, zahialgaStatus, zahialagchCode) values ('2022-03-30', 58259, 'accepted', 5);
insert into Zahialga (zahialgaDate, zahialgaTulbur, zahialgaStatus, zahialagchCode) values ('2021-10-26', 60458, 'accepted', 22);

insert into BookCatagory(bookCatagoryCode, bookCatagoryName) values
("fa", "Fantasy"),
("sf", "Science Fiction"),
("dy", "Dystopian"),
("ad", "Adventure"),
("ro", "Romance"),
("de", "Detective & Mystery"),
("ho", "Horror"),
("th", "Thriller"),
("hi", "Historical Fiction"),
("bi", "Biography"),
("co", "Cooking"),
("ar", "Art & Photography"),
("hd", "History");





insert into BookSubCatagory(bookSubCatagoryId, bookSubCatagoryName, bookCatagoryCode) values
("1", "comic", "fa"),
("2", "alphabet", "sf"),
("3", "coloring", "hd"),
("4", "coffee", "fa"),
("5", "novel", "sf"),
("7", "webcomic", "hd"),
("8", "wordless", "fa"),
("9", "poetry", "sf"),
("10", "empty", "hd"),
("11", "yearbook", "fa"),
("12", "literacy", "sf");




insert into Book (bookId, bookName, publishDate, pageNumber, price, ISBN, hevlelGazarId, languageId, havtasHelberId, bookSubCatagoryId, ageRestrictionId) values ('mhojpjtimz453048', 'Catfish, blue', '2022-01-02', 315, 29704, '285759089-X', 'im62', 'en', 'a', '1', 4);
insert into Book (bookId, bookName, publishDate, pageNumber, price, ISBN, hevlelGazarId, languageId, havtasHelberId, bookSubCatagoryId, ageRestrictionId) values ('lpnjldqson762695', 'Dabchick', '2022-07-16', 357, 27129, '503209683-0', 'im62', 'en', 'a', '1', 1);
insert into Book (bookId, bookName, publishDate, pageNumber, price, ISBN, hevlelGazarId, languageId, havtasHelberId, bookSubCatagoryId, ageRestrictionId) values ('hcffoppidb699222', 'Python (unidentified)', '2022-09-28', 354, 6110, '263114791-X', 'im62', 'en', 'a', '1', 5);
insert into Book (bookId, bookName, publishDate, pageNumber, price, ISBN, hevlelGazarId, languageId, havtasHelberId, bookSubCatagoryId, ageRestrictionId) values ('fcdjctulms292794', 'Roan antelope', '2022-09-26', 249, 11572, '049037223-6', 'im62', 'en', 'a', '1', 1);
insert into Book (bookId, bookName, publishDate, pageNumber, price, ISBN, hevlelGazarId, languageId, havtasHelberId, bookSubCatagoryId, ageRestrictionId) values ('usaqibhzyy232974', 'Deer, mule', '2022-02-20', 72, 27398, '828043092-X', 'im62', 'en', 'a', '1', 5);
insert into Book (bookId, bookName, publishDate, pageNumber, price, ISBN, hevlelGazarId, languageId, havtasHelberId, bookSubCatagoryId, ageRestrictionId) values ('kutanjsabp247149', 'Gull, kelp', '2022-02-20', 490, 21631, '935859273-7', 'im62', 'en', 'a', '1', 4);
insert into Book (bookId, bookName, publishDate, pageNumber, price, ISBN, hevlelGazarId, languageId, havtasHelberId, bookSubCatagoryId, ageRestrictionId) values ('vfxdmnwprp793099', 'Cat, civet', '2022-05-07', 394, 9859, '200604441-9', 'im62', 'en', 'a', '1', 4);
insert into Book (bookId, bookName, publishDate, pageNumber, price, ISBN, hevlelGazarId, languageId, havtasHelberId, bookSubCatagoryId, ageRestrictionId) values ('jknqzrdylm502267', 'Wombat, common', '2022-08-07', 76, 5840, '695582874-6', 'im62', 'en', 'a', '1', 4);
insert into Book (bookId, bookName, publishDate, pageNumber, price, ISBN, hevlelGazarId, languageId, havtasHelberId, bookSubCatagoryId, ageRestrictionId) values ('wtyrwnvwnb898124', 'Sheep, stone', '2022-08-28', 469, 17435, '080843197-8', 'im62', 'en', 'a', '1', 4);
insert into Book (bookId, bookName, publishDate, pageNumber, price, ISBN, hevlelGazarId, languageId, havtasHelberId, bookSubCatagoryId, ageRestrictionId) values ('mjoycgblpc127806', 'Duiker, common', '2021-11-04', 420, 12233, '703500172-7', 'im62', 'en', 'a', '1', 4);
insert into Book (bookId, bookName, publishDate, pageNumber, price, ISBN, hevlelGazarId, languageId, havtasHelberId, bookSubCatagoryId, ageRestrictionId) values ('edobxgxorj798504', 'Whale, long-finned pilot', '2022-08-06', 446, 20325, '159334579-8', 'im62', 'en', 'a', '1', 3);
insert into Book (bookId, bookName, publishDate, pageNumber, price, ISBN, hevlelGazarId, languageId, havtasHelberId, bookSubCatagoryId, ageRestrictionId) values ('hpohfgedgj501799', 'Langur, gray', '2021-12-06', 203, 7761, '193109957-X', 'im62', 'en', 'a', '1', 5);
insert into Book (bookId, bookName, publishDate, pageNumber, price, ISBN, hevlelGazarId, languageId, havtasHelberId, bookSubCatagoryId, ageRestrictionId) values ('itvucfjdfw544989', 'Flamingo, chilean', '2021-12-09', 493, 7101, '938627083-8', 'im62', 'en', 'a', '1', 3);
insert into Book (bookId, bookName, publishDate, pageNumber, price, ISBN, hevlelGazarId, languageId, havtasHelberId, bookSubCatagoryId, ageRestrictionId) values ('liltsigotu294610', 'Blue waxbill', '2022-09-20', 100, 14246, '518416608-4', 'im62', 'en', 'a', '1', 1);
insert into Book (bookId, bookName, publishDate, pageNumber, price, ISBN, hevlelGazarId, languageId, havtasHelberId, bookSubCatagoryId, ageRestrictionId) values ('ctfntqsoeq100547', 'Civet, common palm', '2022-09-20', 305, 20229, '737150517-4', 'im62', 'en', 'a', '1', 2);
insert into Book (bookId, bookName, publishDate, pageNumber, price, ISBN, hevlelGazarId, languageId, havtasHelberId, bookSubCatagoryId, ageRestrictionId) values ('jcnriltshi768913', 'Sheep, stone', '2021-12-19', 483, 20940, '175760191-0', 'im62', 'en', 'a', '1', 3);
insert into Book (bookId, bookName, publishDate, pageNumber, price, ISBN, hevlelGazarId, languageId, havtasHelberId, bookSubCatagoryId, ageRestrictionId) values ('leanmmghrc892130', 'Sulfur-crested cockatoo', '2022-02-07', 156, 15458, '362776534-6', 'im62', 'en', 'a', '1', 3);
insert into Book (bookId, bookName, publishDate, pageNumber, price, ISBN, hevlelGazarId, languageId, havtasHelberId, bookSubCatagoryId, ageRestrictionId) values ('iotoncseif936481', 'Legaan, ground', '2022-09-29', 210, 19973, '651787177-2', 'im62', 'en', 'a', '1', 5);
insert into Book (bookId, bookName, publishDate, pageNumber, price, ISBN, hevlelGazarId, languageId, havtasHelberId, bookSubCatagoryId, ageRestrictionId) values ('iuiuyqoanh014211', 'Australian sea lion', '2021-11-03', 54, 22759, '878392489-2', 'im62', 'en', 'a', '1', 2);
insert into Book (bookId, bookName, publishDate, pageNumber, price, ISBN, hevlelGazarId, languageId, havtasHelberId, bookSubCatagoryId, ageRestrictionId) values ('ecsehxlfbh797474', 'Antelope, roan', '2022-03-29', 228, 29444, '009645918-2', 'im62', 'en', 'a', '1', 3);
insert into Book (bookId, bookName, publishDate, pageNumber, price, ISBN, hevlelGazarId, languageId, havtasHelberId, bookSubCatagoryId, ageRestrictionId) values ('rzeoswryfb450400', 'Crane, wattled', '2022-08-11', 430, 18518, '902809914-X', 'im62', 'en', 'a', '1', 5);
insert into Book (bookId, bookName, publishDate, pageNumber, price, ISBN, hevlelGazarId, languageId, havtasHelberId, bookSubCatagoryId, ageRestrictionId) values ('ztomjftddb717711', 'Red phalarope', '2022-02-18', 474, 10437, '285602622-2', 'im62', 'en', 'a', '1', 4);
insert into Book (bookId, bookName, publishDate, pageNumber, price, ISBN, hevlelGazarId, languageId, havtasHelberId, bookSubCatagoryId, ageRestrictionId) values ('qnlxjdohjw501245', 'Wolf, timber', '2021-12-13', 493, 14201, '802455214-0', 'im62', 'en', 'a', '1', 1);
insert into Book (bookId, bookName, publishDate, pageNumber, price, ISBN, hevlelGazarId, languageId, havtasHelberId, bookSubCatagoryId, ageRestrictionId) values ('uhmlewwjuu060598', 'Flamingo, lesser', '2022-09-06', 385, 10694, '588106163-2', 'im62', 'en', 'a', '1', 5);
insert into Book (bookId, bookName, publishDate, pageNumber, price, ISBN, hevlelGazarId, languageId, havtasHelberId, bookSubCatagoryId, ageRestrictionId) values ('jnorudriei545253', 'Cockatoo, sulfur-crested', '2021-12-06', 284, 8719, '296738176-4', 'im62', 'en', 'a', '1', 4);
insert into Book (bookId, bookName, publishDate, pageNumber, price, ISBN, hevlelGazarId, languageId, havtasHelberId, bookSubCatagoryId, ageRestrictionId) values ('bdhwcyvcuf552619', 'Rose-ringed parakeet', '2022-01-24', 316, 20089, '011800935-4', 'im62', 'en', 'a', '1', 2);
insert into Book (bookId, bookName, publishDate, pageNumber, price, ISBN, hevlelGazarId, languageId, havtasHelberId, bookSubCatagoryId, ageRestrictionId) values ('dnufvbutms881183', 'Wapiti, elk,', '2022-10-02', 321, 16646, '347806136-9', 'im62', 'en', 'a', '1', 5);
insert into Book (bookId, bookName, publishDate, pageNumber, price, ISBN, hevlelGazarId, languageId, havtasHelberId, bookSubCatagoryId, ageRestrictionId) values ('hnvxerhbfp581301', 'Red-tailed hawk', '2021-10-31', 481, 14218, '647169413-X', 'im62', 'en', 'a', '1', 2);
insert into Book (bookId, bookName, publishDate, pageNumber, price, ISBN, hevlelGazarId, languageId, havtasHelberId, bookSubCatagoryId, ageRestrictionId) values ('zzywvjxsoh468434', 'Giant armadillo', '2022-07-20', 461, 22044, '239141535-4', 'im62', 'en', 'a', '1', 5);
insert into Book (bookId, bookName, publishDate, pageNumber, price, ISBN, hevlelGazarId, languageId, havtasHelberId, bookSubCatagoryId, ageRestrictionId) values ('dzlmtwqnoa391847', 'Ox, musk', '2022-05-09', 74, 29266, '590205176-2', 'im62', 'en', 'a', '1', 2);
insert into Book (bookId, bookName, publishDate, pageNumber, price, ISBN, hevlelGazarId, languageId, havtasHelberId, bookSubCatagoryId, ageRestrictionId) values ('fepyltsfdt491062', 'Red-billed tropic bird', '2022-04-28', 99, 26518, '446814777-6', 'im62', 'en', 'a', '1', 5);
insert into Book (bookId, bookName, publishDate, pageNumber, price, ISBN, hevlelGazarId, languageId, havtasHelberId, bookSubCatagoryId, ageRestrictionId) values ('ucdkqoxipu197373', 'Indian red admiral', '2022-02-06', 340, 29142, '067486282-1', 'im62', 'en', 'a', '1', 5);
insert into Book (bookId, bookName, publishDate, pageNumber, price, ISBN, hevlelGazarId, languageId, havtasHelberId, bookSubCatagoryId, ageRestrictionId) values ('xxclrpipyo181861', 'Red howler monkey', '2022-08-03', 80, 22089, '817368386-7', 'im62', 'en', 'a', '1', 4);
insert into Book (bookId, bookName, publishDate, pageNumber, price, ISBN, hevlelGazarId, languageId, havtasHelberId, bookSubCatagoryId, ageRestrictionId) values ('yquwdlshny461384', 'Cliffchat, mocking', '2022-04-19', 179, 7221, '840755305-0', 'im62', 'en', 'a', '1', 5);
insert into Book (bookId, bookName, publishDate, pageNumber, price, ISBN, hevlelGazarId, languageId, havtasHelberId, bookSubCatagoryId, ageRestrictionId) values ('cttjfyobrf868364', 'Greater flamingo', '2021-12-28', 416, 7619, '706141257-7', 'im62', 'en', 'a', '1', 2);
insert into Book (bookId, bookName, publishDate, pageNumber, price, ISBN, hevlelGazarId, languageId, havtasHelberId, bookSubCatagoryId, ageRestrictionId) values ('uadpgihmlo976786', 'Llama', '2022-01-09', 293, 13299, '862490054-9', 'im62', 'en', 'a', '1', 2);
insert into Book (bookId, bookName, publishDate, pageNumber, price, ISBN, hevlelGazarId, languageId, havtasHelberId, bookSubCatagoryId, ageRestrictionId) values ('rrzxwvvzfp427916', 'South American meadowlark (unidentified)', '2022-01-12', 144, 9389, '728903532-1', 'im62', 'en', 'a', '1', 2);
insert into Book (bookId, bookName, publishDate, pageNumber, price, ISBN, hevlelGazarId, languageId, havtasHelberId, bookSubCatagoryId, ageRestrictionId) values ('qbkgboanve929967', 'Cormorant, large', '2022-06-24', 169, 26199, '845308927-2', 'im62', 'en', 'a', '1', 1);
insert into Book (bookId, bookName, publishDate, pageNumber, price, ISBN, hevlelGazarId, languageId, havtasHelberId, bookSubCatagoryId, ageRestrictionId) values ('bpukxdhtdd911898', 'Red-capped cardinal', '2022-09-29', 86, 19484, '451308848-6', 'im62', 'en', 'a', '1', 2);
insert into Book (bookId, bookName, publishDate, pageNumber, price, ISBN, hevlelGazarId, languageId, havtasHelberId, bookSubCatagoryId, ageRestrictionId) values ('wdpwenoykt504165', 'Little grebe', '2022-06-04', 341, 14841, '636711172-7', 'im62', 'en', 'a', '1', 3);
insert into Book (bookId, bookName, publishDate, pageNumber, price, ISBN, hevlelGazarId, languageId, havtasHelberId, bookSubCatagoryId, ageRestrictionId) values ('mqyricoaji832075', 'Egyptian goose', '2021-10-17', 387, 23488, '563559802-1', 'im62', 'en', 'a', '1', 5);
insert into Book (bookId, bookName, publishDate, pageNumber, price, ISBN, hevlelGazarId, languageId, havtasHelberId, bookSubCatagoryId, ageRestrictionId) values ('latakpkejl206392', 'Shelduck, common', '2022-08-21', 115, 13612, '796555619-7', 'im62', 'en', 'a', '1', 1);
insert into Book (bookId, bookName, publishDate, pageNumber, price, ISBN, hevlelGazarId, languageId, havtasHelberId, bookSubCatagoryId, ageRestrictionId) values ('anjjqppbns805560', 'Gull, southern black-backed', '2022-07-16', 358, 11961, '885149919-5', 'im62', 'en', 'a', '1', 3);
insert into Book (bookId, bookName, publishDate, pageNumber, price, ISBN, hevlelGazarId, languageId, havtasHelberId, bookSubCatagoryId, ageRestrictionId) values ('qkxmoltnsm847882', 'Gull, lava', '2022-04-30', 280, 23774, '547639368-4', 'im62', 'en', 'a', '1', 3);
insert into Book (bookId, bookName, publishDate, pageNumber, price, ISBN, hevlelGazarId, languageId, havtasHelberId, bookSubCatagoryId, ageRestrictionId) values ('gifuinunet321030', 'Leopard, indian', '2022-04-06', 317, 6379, '901253478-X', 'im62', 'en', 'a', '1', 2);
insert into Book (bookId, bookName, publishDate, pageNumber, price, ISBN, hevlelGazarId, languageId, havtasHelberId, bookSubCatagoryId, ageRestrictionId) values ('btnuleogel053046', 'Lion, southern sea', '2022-06-09', 257, 17959, '356408596-3', 'im62', 'en', 'a', '1', 5);
insert into Book (bookId, bookName, publishDate, pageNumber, price, ISBN, hevlelGazarId, languageId, havtasHelberId, bookSubCatagoryId, ageRestrictionId) values ('xscswtipma727057', 'Spotted deer', '2021-10-22', 496, 18945, '108928599-X', 'im62', 'en', 'a', '1', 1);
insert into Book (bookId, bookName, publishDate, pageNumber, price, ISBN, hevlelGazarId, languageId, havtasHelberId, bookSubCatagoryId, ageRestrictionId) values ('oglbhdwvpv461743', 'Lemur, sportive', '2021-12-20', 298, 29485, '055046485-9', 'im62', 'en', 'a', '1', 2);
insert into Book (bookId, bookName, publishDate, pageNumber, price, ISBN, hevlelGazarId, languageId, havtasHelberId, bookSubCatagoryId, ageRestrictionId) values ('zhfkxcsvik598821', 'Helmeted guinea fowl', '2021-11-28', 307, 6786, '855388277-2', 'im62', 'en', 'a', '1', 4);
insert into Book (bookId, bookName, publishDate, pageNumber, price, ISBN, hevlelGazarId, languageId, havtasHelberId, bookSubCatagoryId, ageRestrictionId) values ('qjnnwykeqn479779', 'Lorikeet, scaly-breasted', '2022-02-07', 439, 12082, '843252698-3', 'im62', 'en', 'a', '1', 3);
insert into Book (bookId, bookName, publishDate, pageNumber, price, ISBN, hevlelGazarId, languageId, havtasHelberId, bookSubCatagoryId, ageRestrictionId) values ('xlbjulvsrk954025', 'Elephant, african', '2022-01-14', 278, 11510, '363227573-4', 'im62', 'en', 'a', '1', 3);
insert into Book (bookId, bookName, publishDate, pageNumber, price, ISBN, hevlelGazarId, languageId, havtasHelberId, bookSubCatagoryId, ageRestrictionId) values ('sjnolhlvqr018876', 'Mexican boa', '2021-10-26', 392, 5821, '006656958-3', 'im62', 'en', 'a', '1', 4);
insert into Book (bookId, bookName, publishDate, pageNumber, price, ISBN, hevlelGazarId, languageId, havtasHelberId, bookSubCatagoryId, ageRestrictionId) values ('xnrscvsvaa893849', 'Ferret, black-footed', '2022-04-10', 243, 27026, '455050936-8', 'im62', 'en', 'a', '1', 3);
insert into Book (bookId, bookName, publishDate, pageNumber, price, ISBN, hevlelGazarId, languageId, havtasHelberId, bookSubCatagoryId, ageRestrictionId) values ('uzevseizzn378559', 'Squirrel, pine', '2022-07-30', 396, 10320, '832962695-4', 'im62', 'en', 'a', '1', 4);
insert into Book (bookId, bookName, publishDate, pageNumber, price, ISBN, hevlelGazarId, languageId, havtasHelberId, bookSubCatagoryId, ageRestrictionId) values ('qiyftjdnor030509', 'Spoonbill, white', '2022-05-06', 97, 10639, '828969242-0', 'im62', 'en', 'a', '1', 4);
insert into Book (bookId, bookName, publishDate, pageNumber, price, ISBN, hevlelGazarId, languageId, havtasHelberId, bookSubCatagoryId, ageRestrictionId) values ('rxygytfbvk824375', 'Plains zebra', '2022-05-06', 394, 26971, '100150444-5', 'im62', 'en', 'a', '1', 2);
insert into Book (bookId, bookName, publishDate, pageNumber, price, ISBN, hevlelGazarId, languageId, havtasHelberId, bookSubCatagoryId, ageRestrictionId) values ('jdzzjlqioz450530', 'Rose-ringed parakeet', '2021-12-08', 194, 24235, '766749385-5', 'im62', 'en', 'a', '1', 4);
insert into Book (bookId, bookName, publishDate, pageNumber, price, ISBN, hevlelGazarId, languageId, havtasHelberId, bookSubCatagoryId, ageRestrictionId) values ('lxpvqyxkkn242736', 'Gray rhea', '2021-12-02', 408, 27488, '676242184-9', 'im62', 'en', 'a', '1', 4);
insert into Book (bookId, bookName, publishDate, pageNumber, price, ISBN, hevlelGazarId, languageId, havtasHelberId, bookSubCatagoryId, ageRestrictionId) values ('szntzbyzqt878582', 'Albatross, galapagos', '2022-09-11', 102, 14499, '846985804-1', 'im62', 'en', 'a', '1', 2);
insert into Book (bookId, bookName, publishDate, pageNumber, price, ISBN, hevlelGazarId, languageId, havtasHelberId, bookSubCatagoryId, ageRestrictionId) values ('ltejexhvtz136454', 'Squirrel, golden-mantled ground', '2022-05-23', 345, 18756, '022498285-0', 'im62', 'en', 'a', '1', 3);
insert into Book (bookId, bookName, publishDate, pageNumber, price, ISBN, hevlelGazarId, languageId, havtasHelberId, bookSubCatagoryId, ageRestrictionId) values ('nfynywoudi941447', 'White spoonbill', '2022-03-27', 226, 18996, '706543482-6', 'im62', 'en', 'a', '1', 2);
insert into Book (bookId, bookName, publishDate, pageNumber, price, ISBN, hevlelGazarId, languageId, havtasHelberId, bookSubCatagoryId, ageRestrictionId) values ('bcfyyylxes721058', 'Emerald-spotted wood dove', '2022-05-24', 436, 8366, '700874241-X', 'im62', 'en', 'a', '1', 4);
insert into Book (bookId, bookName, publishDate, pageNumber, price, ISBN, hevlelGazarId, languageId, havtasHelberId, bookSubCatagoryId, ageRestrictionId) values ('jheeeyjtzv961808', 'Long-tailed skua', '2022-01-08', 320, 29686, '635699006-6', 'im62', 'en', 'a', '1', 3);
insert into Book (bookId, bookName, publishDate, pageNumber, price, ISBN, hevlelGazarId, languageId, havtasHelberId, bookSubCatagoryId, ageRestrictionId) values ('hcflznyhsz386018', 'Viper, egyptian', '2022-09-25', 404, 8607, '424373692-8', 'im62', 'en', 'a', '1', 5);
insert into Book (bookId, bookName, publishDate, pageNumber, price, ISBN, hevlelGazarId, languageId, havtasHelberId, bookSubCatagoryId, ageRestrictionId) values ('gdeyvtspsr033125', 'Sloth, hoffman''s', '2022-01-20', 125, 12707, '980379497-3', 'im62', 'en', 'a', '1', 3);
insert into Book (bookId, bookName, publishDate, pageNumber, price, ISBN, hevlelGazarId, languageId, havtasHelberId, bookSubCatagoryId, ageRestrictionId) values ('kuktkdrfmp402772', 'Lion, asian', '2022-06-13', 193, 5422, '380024946-4', 'im62', 'en', 'a', '1', 3);
insert into Book (bookId, bookName, publishDate, pageNumber, price, ISBN, hevlelGazarId, languageId, havtasHelberId, bookSubCatagoryId, ageRestrictionId) values ('gfxinypswm391319', 'Desert kangaroo rat', '2021-11-03', 378, 12710, '114695817-X', 'im62', 'en', 'a', '1', 2);
insert into Book (bookId, bookName, publishDate, pageNumber, price, ISBN, hevlelGazarId, languageId, havtasHelberId, bookSubCatagoryId, ageRestrictionId) values ('faskssyaox764572', 'Common melba finch', '2022-08-30', 467, 28077, '511495981-6', 'im62', 'en', 'a', '1', 3);
insert into Book (bookId, bookName, publishDate, pageNumber, price, ISBN, hevlelGazarId, languageId, havtasHelberId, bookSubCatagoryId, ageRestrictionId) values ('zseredbbul842632', 'Wombat, southern hairy-nosed', '2021-11-22', 417, 9232, '801029770-4', 'im62', 'en', 'a', '1', 4);
insert into Book (bookId, bookName, publishDate, pageNumber, price, ISBN, hevlelGazarId, languageId, havtasHelberId, bookSubCatagoryId, ageRestrictionId) values ('romilrsqiq470000', 'Peacock, indian', '2022-01-20', 101, 7933, '352972603-6', 'im62', 'en', 'a', '1', 2);
insert into Book (bookId, bookName, publishDate, pageNumber, price, ISBN, hevlelGazarId, languageId, havtasHelberId, bookSubCatagoryId, ageRestrictionId) values ('dlrsbagwix418824', 'Miner''s cat', '2021-10-12', 396, 8573, '076470589-X', 'im62', 'en', 'a', '1', 2);
insert into Book (bookId, bookName, publishDate, pageNumber, price, ISBN, hevlelGazarId, languageId, havtasHelberId, bookSubCatagoryId, ageRestrictionId) values ('krfoczaxnx559678', 'Goose, snow', '2022-08-06', 305, 17908, '451324082-2', 'im62', 'en', 'a', '1', 2);
insert into Book (bookId, bookName, publishDate, pageNumber, price, ISBN, hevlelGazarId, languageId, havtasHelberId, bookSubCatagoryId, ageRestrictionId) values ('kjjptwjcmn156572', 'Lilac-breasted roller', '2021-12-14', 262, 15527, '824634245-2', 'im62', 'en', 'a', '1', 5);
insert into Book (bookId, bookName, publishDate, pageNumber, price, ISBN, hevlelGazarId, languageId, havtasHelberId, bookSubCatagoryId, ageRestrictionId) values ('pkbzfkuork777878', 'Goose, canada', '2022-08-30', 489, 24370, '334371102-0', 'im62', 'en', 'a', '1', 1);
insert into Book (bookId, bookName, publishDate, pageNumber, price, ISBN, hevlelGazarId, languageId, havtasHelberId, bookSubCatagoryId, ageRestrictionId) values ('kjcbltoqeq884507', 'Spotted deer', '2022-05-15', 380, 29523, '165124598-3', 'im62', 'en', 'a', '1', 5);
insert into Book (bookId, bookName, publishDate, pageNumber, price, ISBN, hevlelGazarId, languageId, havtasHelberId, bookSubCatagoryId, ageRestrictionId) values ('fjqholpddh547998', 'Raccoon, crab-eating', '2021-12-31', 290, 11287, '691438444-4', 'im62', 'en', 'a', '1', 1);
insert into Book (bookId, bookName, publishDate, pageNumber, price, ISBN, hevlelGazarId, languageId, havtasHelberId, bookSubCatagoryId, ageRestrictionId) values ('cntikpvony105528', 'Galapagos tortoise', '2022-03-01', 179, 19172, '963616889-X', 'im62', 'en', 'a', '1', 2);
insert into Book (bookId, bookName, publishDate, pageNumber, price, ISBN, hevlelGazarId, languageId, havtasHelberId, bookSubCatagoryId, ageRestrictionId) values ('yzmvmpigfw644252', 'Macaw, blue and gold', '2021-12-17', 425, 8808, '398244524-8', 'im62', 'en', 'a', '1', 1);
insert into Book (bookId, bookName, publishDate, pageNumber, price, ISBN, hevlelGazarId, languageId, havtasHelberId, bookSubCatagoryId, ageRestrictionId) values ('ehiscysbpj363757', 'Rat, arboral spiny', '2022-01-17', 69, 15172, '274760648-1', 'im62', 'en', 'a', '1', 3);
insert into Book (bookId, bookName, publishDate, pageNumber, price, ISBN, hevlelGazarId, languageId, havtasHelberId, bookSubCatagoryId, ageRestrictionId) values ('xmcirtttcb811500', 'Eagle, white-bellied sea', '2021-12-20', 348, 28947, '718345789-3', 'im62', 'en', 'a', '1', 5);
insert into Book (bookId, bookName, publishDate, pageNumber, price, ISBN, hevlelGazarId, languageId, havtasHelberId, bookSubCatagoryId, ageRestrictionId) values ('kjgwpipdaq067215', 'Common ringtail', '2022-04-20', 350, 6333, '646977509-8', 'im62', 'en', 'a', '1', 4);
insert into Book (bookId, bookName, publishDate, pageNumber, price, ISBN, hevlelGazarId, languageId, havtasHelberId, bookSubCatagoryId, ageRestrictionId) values ('iuupkuzflc198772', 'Cook''s tree boa', '2022-01-02', 73, 29244, '229491811-8', 'im62', 'en', 'a', '1', 1);
insert into Book (bookId, bookName, publishDate, pageNumber, price, ISBN, hevlelGazarId, languageId, havtasHelberId, bookSubCatagoryId, ageRestrictionId) values ('epcnutakbv792731', 'Turtle, snake-necked', '2022-09-30', 359, 17987, '525208117-4', 'im62', 'en', 'a', '1', 5);
insert into Book (bookId, bookName, publishDate, pageNumber, price, ISBN, hevlelGazarId, languageId, havtasHelberId, bookSubCatagoryId, ageRestrictionId) values ('oqiczjrvnj679490', 'Eurasian badger', '2022-04-11', 247, 29800, '756429228-8', 'im62', 'en', 'a', '1', 2);
insert into Book (bookId, bookName, publishDate, pageNumber, price, ISBN, hevlelGazarId, languageId, havtasHelberId, bookSubCatagoryId, ageRestrictionId) values ('amttdeioak616390', 'Bushbaby, large-eared', '2022-05-15', 78, 29311, '095257968-5', 'im62', 'en', 'a', '1', 3);
insert into Book (bookId, bookName, publishDate, pageNumber, price, ISBN, hevlelGazarId, languageId, havtasHelberId, bookSubCatagoryId, ageRestrictionId) values ('libomqsyst606182', 'Green-winged trumpeter', '2022-09-18', 120, 12387, '400141655-7', 'im62', 'en', 'a', '1', 4);
insert into Book (bookId, bookName, publishDate, pageNumber, price, ISBN, hevlelGazarId, languageId, havtasHelberId, bookSubCatagoryId, ageRestrictionId) values ('oeripjjuly666322', 'Spider, wolf', '2022-06-16', 445, 29390, '453373882-6', 'im62', 'en', 'a', '1', 1);
insert into Book (bookId, bookName, publishDate, pageNumber, price, ISBN, hevlelGazarId, languageId, havtasHelberId, bookSubCatagoryId, ageRestrictionId) values ('pxrvbelxsw728115', 'Sidewinder', '2021-11-15', 239, 6920, '449634028-3', 'im62', 'en', 'a', '1', 4);
insert into Book (bookId, bookName, publishDate, pageNumber, price, ISBN, hevlelGazarId, languageId, havtasHelberId, bookSubCatagoryId, ageRestrictionId) values ('nyybhycxzc283836', 'Ibex', '2022-02-05', 322, 25258, '688151822-6', 'im62', 'en', 'a', '1', 1);
insert into Book (bookId, bookName, publishDate, pageNumber, price, ISBN, hevlelGazarId, languageId, havtasHelberId, bookSubCatagoryId, ageRestrictionId) values ('eaknoktnlp301860', 'Puffin, horned', '2021-10-21', 140, 18161, '872976210-3', 'im62', 'en', 'a', '1', 5);
insert into Book (bookId, bookName, publishDate, pageNumber, price, ISBN, hevlelGazarId, languageId, havtasHelberId, bookSubCatagoryId, ageRestrictionId) values ('daucgmgfsr680025', 'Asiatic jackal', '2022-02-10', 491, 24200, '174751188-9', 'im62', 'en', 'a', '1', 4);
insert into Book (bookId, bookName, publishDate, pageNumber, price, ISBN, hevlelGazarId, languageId, havtasHelberId, bookSubCatagoryId, ageRestrictionId) values ('borrcnlpsi476625', 'Fox, arctic', '2021-10-17', 234, 12968, '771384051-6', 'im62', 'en', 'a', '1', 2);
insert into Book (bookId, bookName, publishDate, pageNumber, price, ISBN, hevlelGazarId, languageId, havtasHelberId, bookSubCatagoryId, ageRestrictionId) values ('npytoankdg363514', 'Glossy ibis', '2022-06-10', 242, 12028, '337263086-6', 'im62', 'en', 'a', '1', 3);
insert into Book (bookId, bookName, publishDate, pageNumber, price, ISBN, hevlelGazarId, languageId, havtasHelberId, bookSubCatagoryId, ageRestrictionId) values ('fozrccdwef925492', 'Peccary, white-lipped', '2022-08-19', 198, 16740, '074719899-3', 'im62', 'en', 'a', '1', 1);
insert into Book (bookId, bookName, publishDate, pageNumber, price, ISBN, hevlelGazarId, languageId, havtasHelberId, bookSubCatagoryId, ageRestrictionId) values ('sazbnjoimc867631', 'Eagle, golden', '2022-05-28', 120, 22870, '103420533-1', 'im62', 'en', 'a', '1', 1);
insert into Book (bookId, bookName, publishDate, pageNumber, price, ISBN, hevlelGazarId, languageId, havtasHelberId, bookSubCatagoryId, ageRestrictionId) values ('jiteyuwtxf233845', 'Four-striped grass mouse', '2022-10-05', 248, 14213, '821103337-2', 'im62', 'en', 'a', '1', 2);
insert into Book (bookId, bookName, publishDate, pageNumber, price, ISBN, hevlelGazarId, languageId, havtasHelberId, bookSubCatagoryId, ageRestrictionId) values ('ftyommbhlg917346', 'Superb starling', '2022-01-07', 98, 15222, '417945819-5', 'im62', 'en', 'a', '1', 3);
insert into Book (bookId, bookName, publishDate, pageNumber, price, ISBN, hevlelGazarId, languageId, havtasHelberId, bookSubCatagoryId, ageRestrictionId) values ('bafsxuvtny429902', 'Leopard', '2022-03-12', 463, 5599, '202305704-3', 'im62', 'en', 'a', '1', 1);
insert into Book (bookId, bookName, publishDate, pageNumber, price, ISBN, hevlelGazarId, languageId, havtasHelberId, bookSubCatagoryId, ageRestrictionId) values ('skxmmkwnkq178588', 'Arctic hare', '2022-05-05', 460, 29205, '045855216-X', 'im62', 'en', 'a', '1', 2);
insert into Book (bookId, bookName, publishDate, pageNumber, price, ISBN, hevlelGazarId, languageId, havtasHelberId, bookSubCatagoryId, ageRestrictionId) values ('xznjenlxjj660415', 'Praying mantis (unidentified)', '2022-04-28', 243, 19041, '334160451-0', 'im62', 'en', 'a', '1', 5);


insert into BookDans (bookDansName, ognoo, bookId) values (57022799, '2022-04-17', 'xznjenlxjj660415');
insert into BookDans (bookDansName, ognoo, bookId) values (63087364, '2022-05-03', 'xznjenlxjj660415');
insert into BookDans (bookDansName, ognoo, bookId) values (52136233, '2022-02-13', 'xznjenlxjj660415');
insert into BookDans (bookDansName, ognoo, bookId) values (41794707, '2021-11-19', 'xznjenlxjj660415');
insert into BookDans (bookDansName, ognoo, bookId) values (25153382, '2022-08-29', 'xznjenlxjj660415');
insert into BookDans (bookDansName, ognoo, bookId) values (90981669, '2022-01-20', 'xznjenlxjj660415');
insert into BookDans (bookDansName, ognoo, bookId) values (56555362, '2022-08-21', 'xznjenlxjj660415');
insert into BookDans (bookDansName, ognoo, bookId) values (52711194, '2022-07-18', 'xznjenlxjj660415');
insert into BookDans (bookDansName, ognoo, bookId) values (13997322, '2021-11-13', 'xznjenlxjj660415');
insert into BookDans (bookDansName, ognoo, bookId) values (34122568, '2022-06-09', 'xznjenlxjj660415');
insert into BookDans (bookDansName, ognoo, bookId) values (12363040, '2021-10-29', 'xznjenlxjj660415');
insert into BookDans (bookDansName, ognoo, bookId) values (86996374, '2022-03-13', 'xznjenlxjj660415');
insert into BookDans (bookDansName, ognoo, bookId) values (63876171, '2022-03-18', 'xznjenlxjj660415');
insert into BookDans (bookDansName, ognoo, bookId) values (49531670, '2022-04-25', 'xznjenlxjj660415');
insert into BookDans (bookDansName, ognoo, bookId) values (66843394, '2022-09-13', 'xznjenlxjj660415');
insert into BookDans (bookDansName, ognoo, bookId) values (65365864, '2022-07-08', 'xznjenlxjj660415');
insert into BookDans (bookDansName, ognoo, bookId) values (76743619, '2022-03-18', 'xznjenlxjj660415');
insert into BookDans (bookDansName, ognoo, bookId) values (19495493, '2022-06-18', 'xznjenlxjj660415');
insert into BookDans (bookDansName, ognoo, bookId) values (62299396, '2021-12-04', 'xznjenlxjj660415');
insert into BookDans (bookDansName, ognoo, bookId) values (89414527, '2022-04-30', 'xznjenlxjj660415');
insert into BookDans (bookDansName, ognoo, bookId) values (55767160, '2022-09-21', 'xznjenlxjj660415');
insert into BookDans (bookDansName, ognoo, bookId) values (43854198, '2021-11-23', 'xznjenlxjj660415');
insert into BookDans (bookDansName, ognoo, bookId) values (19510921, '2022-03-20', 'xznjenlxjj660415');
insert into BookDans (bookDansName, ognoo, bookId) values (74198828, '2022-06-23', 'xznjenlxjj660415');
insert into BookDans (bookDansName, ognoo, bookId) values (29914267, '2022-09-12', 'xznjenlxjj660415');
insert into BookDans (bookDansName, ognoo, bookId) values (49948607, '2022-01-04', 'xznjenlxjj660415');
insert into BookDans (bookDansName, ognoo, bookId) values (17107173, '2021-12-19', 'xznjenlxjj660415');
insert into BookDans (bookDansName, ognoo, bookId) values (45454675, '2021-12-23', 'xznjenlxjj660415');
insert into BookDans (bookDansName, ognoo, bookId) values (84575608, '2021-11-06', 'xznjenlxjj660415');
insert into BookDans (bookDansName, ognoo, bookId) values (52660898, '2022-08-04', 'xznjenlxjj660415');
insert into BookDans (bookDansName, ognoo, bookId) values (99046862, '2022-06-03', 'xznjenlxjj660415');
insert into BookDans (bookDansName, ognoo, bookId) values (61458906, '2021-11-11', 'xznjenlxjj660415');
insert into BookDans (bookDansName, ognoo, bookId) values (88278158, '2022-06-17', 'xznjenlxjj660415');
insert into BookDans (bookDansName, ognoo, bookId) values (55268978, '2022-02-05', 'xznjenlxjj660415');
insert into BookDans (bookDansName, ognoo, bookId) values (24302547, '2022-03-30', 'xznjenlxjj660415');
insert into BookDans (bookDansName, ognoo, bookId) values (82390416, '2021-11-27', 'xznjenlxjj660415');
insert into BookDans (bookDansName, ognoo, bookId) values (31465139, '2022-02-27', 'xznjenlxjj660415');
insert into BookDans (bookDansName, ognoo, bookId) values (54680294, '2022-06-29', 'xznjenlxjj660415');
insert into BookDans (bookDansName, ognoo, bookId) values (58561324, '2022-08-07', 'xznjenlxjj660415');
insert into BookDans (bookDansName, ognoo, bookId) values (77199419, '2022-03-13', 'xznjenlxjj660415');
insert into BookDans (bookDansName, ognoo, bookId) values (44232689, '2021-10-22', 'xznjenlxjj660415');
insert into BookDans (bookDansName, ognoo, bookId) values (64308390, '2021-11-28', 'xznjenlxjj660415');
insert into BookDans (bookDansName, ognoo, bookId) values (68950206, '2021-11-13', 'xznjenlxjj660415');
insert into BookDans (bookDansName, ognoo, bookId) values (76204594, '2022-08-15', 'xznjenlxjj660415');
insert into BookDans (bookDansName, ognoo, bookId) values (89823001, '2022-07-06', 'xznjenlxjj660415');
insert into BookDans (bookDansName, ognoo, bookId) values (12960814, '2022-07-17', 'xznjenlxjj660415');
insert into BookDans (bookDansName, ognoo, bookId) values (83975773, '2022-03-22', 'xznjenlxjj660415');
insert into BookDans (bookDansName, ognoo, bookId) values (26512492, '2021-12-07', 'xznjenlxjj660415');
insert into BookDans (bookDansName, ognoo, bookId) values (94801576, '2022-01-25', 'xznjenlxjj660415');
insert into BookDans (bookDansName, ognoo, bookId) values (85696451, '2022-01-22', 'xznjenlxjj660415');



insert into ZahialgaDelgerengui (zahialgaId, bookDansId) values (79, 23);
insert into ZahialgaDelgerengui (zahialgaId, bookDansId) values (83, 41);
insert into ZahialgaDelgerengui (zahialgaId, bookDansId) values (89, 46);
insert into ZahialgaDelgerengui (zahialgaId, bookDansId) values (89, 19);
insert into ZahialgaDelgerengui (zahialgaId, bookDansId) values (91, 42);
insert into ZahialgaDelgerengui (zahialgaId, bookDansId) values (2, 33);
insert into ZahialgaDelgerengui (zahialgaId, bookDansId) values (94, 47);
insert into ZahialgaDelgerengui (zahialgaId, bookDansId) values (44, 47);
insert into ZahialgaDelgerengui (zahialgaId, bookDansId) values (44, 27);
insert into ZahialgaDelgerengui (zahialgaId, bookDansId) values (12, 41);
insert into ZahialgaDelgerengui (zahialgaId, bookDansId) values (49, 49);
insert into ZahialgaDelgerengui (zahialgaId, bookDansId) values (76, 39);
insert into ZahialgaDelgerengui (zahialgaId, bookDansId) values (87, 37);
insert into ZahialgaDelgerengui (zahialgaId, bookDansId) values (47, 41);
insert into ZahialgaDelgerengui (zahialgaId, bookDansId) values (75, 46);
insert into ZahialgaDelgerengui (zahialgaId, bookDansId) values (97, 43);
insert into ZahialgaDelgerengui (zahialgaId, bookDansId) values (49, 44);
insert into ZahialgaDelgerengui (zahialgaId, bookDansId) values (82, 47);
insert into ZahialgaDelgerengui (zahialgaId, bookDansId) values (81, 45);
insert into ZahialgaDelgerengui (zahialgaId, bookDansId) values (33, 40);
insert into ZahialgaDelgerengui (zahialgaId, bookDansId) values (39, 23);
insert into ZahialgaDelgerengui (zahialgaId, bookDansId) values (51, 46);
insert into ZahialgaDelgerengui (zahialgaId, bookDansId) values (44, 5);
insert into ZahialgaDelgerengui (zahialgaId, bookDansId) values (1, 21);
insert into ZahialgaDelgerengui (zahialgaId, bookDansId) values (96, 24);
insert into ZahialgaDelgerengui (zahialgaId, bookDansId) values (15, 40);
insert into ZahialgaDelgerengui (zahialgaId, bookDansId) values (66, 33);
insert into ZahialgaDelgerengui (zahialgaId, bookDansId) values (11, 14);
insert into ZahialgaDelgerengui (zahialgaId, bookDansId) values (36, 44);
insert into ZahialgaDelgerengui (zahialgaId, bookDansId) values (96, 13);
insert into ZahialgaDelgerengui (zahialgaId, bookDansId) values (25, 45);
insert into ZahialgaDelgerengui (zahialgaId, bookDansId) values (8, 43);
insert into ZahialgaDelgerengui (zahialgaId, bookDansId) values (56, 48);
insert into ZahialgaDelgerengui (zahialgaId, bookDansId) values (73, 33);
insert into ZahialgaDelgerengui (zahialgaId, bookDansId) values (30, 24);
insert into ZahialgaDelgerengui (zahialgaId, bookDansId) values (33, 42);
insert into ZahialgaDelgerengui (zahialgaId, bookDansId) values (74, 41);
insert into ZahialgaDelgerengui (zahialgaId, bookDansId) values (81, 44);
insert into ZahialgaDelgerengui (zahialgaId, bookDansId) values (70, 35);
insert into ZahialgaDelgerengui (zahialgaId, bookDansId) values (41, 40);
insert into ZahialgaDelgerengui (zahialgaId, bookDansId) values (4, 38);
insert into ZahialgaDelgerengui (zahialgaId, bookDansId) values (96, 48);
insert into ZahialgaDelgerengui (zahialgaId, bookDansId) values (29, 47);
insert into ZahialgaDelgerengui (zahialgaId, bookDansId) values (79, 6);
insert into ZahialgaDelgerengui (zahialgaId, bookDansId) values (48, 10);
insert into ZahialgaDelgerengui (zahialgaId, bookDansId) values (76, 31);
insert into ZahialgaDelgerengui (zahialgaId, bookDansId) values (29, 9);
insert into ZahialgaDelgerengui (zahialgaId, bookDansId) values (89, 7);
insert into ZahialgaDelgerengui (zahialgaId, bookDansId) values (57, 42);
insert into ZahialgaDelgerengui (zahialgaId, bookDansId) values (66, 2);
insert into ZahialgaDelgerengui (zahialgaId, bookDansId) values (50, 13);
insert into ZahialgaDelgerengui (zahialgaId, bookDansId) values (9, 43);
insert into ZahialgaDelgerengui (zahialgaId, bookDansId) values (64, 19);
insert into ZahialgaDelgerengui (zahialgaId, bookDansId) values (99, 13);
insert into ZahialgaDelgerengui (zahialgaId, bookDansId) values (46, 13);
insert into ZahialgaDelgerengui (zahialgaId, bookDansId) values (19, 17);
insert into ZahialgaDelgerengui (zahialgaId, bookDansId) values (21, 10);
insert into ZahialgaDelgerengui (zahialgaId, bookDansId) values (93, 11);
insert into ZahialgaDelgerengui (zahialgaId, bookDansId) values (78, 10);
insert into ZahialgaDelgerengui (zahialgaId, bookDansId) values (3, 43);
insert into ZahialgaDelgerengui (zahialgaId, bookDansId) values (76, 43);
insert into ZahialgaDelgerengui (zahialgaId, bookDansId) values (68, 19);
insert into ZahialgaDelgerengui (zahialgaId, bookDansId) values (4, 15);
insert into ZahialgaDelgerengui (zahialgaId, bookDansId) values (30, 46);
insert into ZahialgaDelgerengui (zahialgaId, bookDansId) values (63, 44);
insert into ZahialgaDelgerengui (zahialgaId, bookDansId) values (86, 61);
insert into ZahialgaDelgerengui (zahialgaId, bookDansId) values (28, 14);
insert into ZahialgaDelgerengui (zahialgaId, bookDansId) values (37, 16);
insert into ZahialgaDelgerengui (zahialgaId, bookDansId) values (31, 16);
insert into ZahialgaDelgerengui (zahialgaId, bookDansId) values (100, 36);
insert into ZahialgaDelgerengui (zahialgaId, bookDansId) values (64, 47);
insert into ZahialgaDelgerengui (zahialgaId, bookDansId) values (21, 45);
insert into ZahialgaDelgerengui (zahialgaId, bookDansId) values (40, 28);
insert into ZahialgaDelgerengui (zahialgaId, bookDansId) values (67, 35);
insert into ZahialgaDelgerengui (zahialgaId, bookDansId) values (82, 13);
insert into ZahialgaDelgerengui (zahialgaId, bookDansId) values (87, 31);
insert into ZahialgaDelgerengui (zahialgaId, bookDansId) values (23, 18);
insert into ZahialgaDelgerengui (zahialgaId, bookDansId) values (12, 48);
insert into ZahialgaDelgerengui (zahialgaId, bookDansId) values (66, 13);
insert into ZahialgaDelgerengui (zahialgaId, bookDansId) values (29, 32);
insert into ZahialgaDelgerengui (zahialgaId, bookDansId) values (79, 7);
insert into ZahialgaDelgerengui (zahialgaId, bookDansId) values (87, 5);
insert into ZahialgaDelgerengui (zahialgaId, bookDansId) values (64, 1);
insert into ZahialgaDelgerengui (zahialgaId, bookDansId) values (64, 4);
insert into ZahialgaDelgerengui (zahialgaId, bookDansId) values (52, 8);
insert into ZahialgaDelgerengui (zahialgaId, bookDansId) values (49, 2);
insert into ZahialgaDelgerengui (zahialgaId, bookDansId) values (54, 3);
insert into ZahialgaDelgerengui (zahialgaId, bookDansId) values (50, 1);
insert into ZahialgaDelgerengui (zahialgaId, bookDansId) values (61, 7);
insert into ZahialgaDelgerengui (zahialgaId, bookDansId) values (31, 7);
insert into ZahialgaDelgerengui (zahialgaId, bookDansId) values (5, 20);
insert into ZahialgaDelgerengui (zahialgaId, bookDansId) values (75, 29);
insert into ZahialgaDelgerengui (zahialgaId, bookDansId) values (76, 45);
insert into ZahialgaDelgerengui (zahialgaId, bookDansId) values (11, 10);
insert into ZahialgaDelgerengui (zahialgaId, bookDansId) values (74, 31);
insert into ZahialgaDelgerengui (zahialgaId, bookDansId) values (44, 15);
insert into ZahialgaDelgerengui (zahialgaId, bookDansId) values (33, 20);
insert into ZahialgaDelgerengui (zahialgaId, bookDansId) values (11, 12);
insert into ZahialgaDelgerengui (zahialgaId, bookDansId) values (37, 5);
insert into ZahialgaDelgerengui (zahialgaId, bookDansId) values (41, 3);




INSERT INTO Authors(bookId, authorId) VALUES
    ("amttdeioak616390", "ah4655"),
    ("anjjqppbns805560", "bd7754"),
    ("bafsxuvtny429902", "bf9315"),
    ("bcfyyylxes721058", "bm3530"),
    ("bcfyyylxes721058", "bu1780"),
    ("zseredbbul842632", "ca3117"),
    ("zseredbbul842632", "dd8707"),
    ("yzmvmpigfw644252", "uf0807"),
    ("xlbjulvsrk954025", "sp9929"),
    ("wdpwenoykt504165", "ov5496");